PdDistrict,Date,IncidntNum
CENTRAL,03/25/2016,52
BAYVIEW,04/02/2016,46
SOUTHERN,10/20/2016,87
TENDERLOIN,06/10/2016,35
CENTRAL,04/29/2016,49
NORTHERN,05/13/2016,59
INGLESIDE,07/09/2016,28
RICHMOND,02/08/2016,14
NORTHERN,12/09/2016,60
INGLESIDE,05/27/2016,33
PARK,07/30/2016,17
CENTRAL,06/02/2016,44
MISSION,04/22/2016,50
SOUTHERN,10/12/2016,92
INGLESIDE,02/27/2016,30
CENTRAL,05/20/2016,38
MISSION,09/02/2016,83
NORTHERN,01/31/2016,54
MISSION,07/15/2016,49
MISSION,01/30/2016,35
RICHMOND,03/13/2016,10
BAYVIEW,07/30/2016,50
TENDERLOIN,05/24/2016,38
MISSION,10/08/2016,89
TARAVAL,12/24/2016,29
NORTHERN,09/20/2016,36
INGLESIDE,04/13/2016,24
MISSION,07/27/2016,50
RICHMOND,05/01/2016,31
NORTHERN,10/16/2016,54
PARK,04/02/2016,23
CENTRAL,04/28/2016,42
NORTHERN,11/20/2016,44
CENTRAL,11/02/2016,36
TARAVAL,03/28/2016,30
MISSION,02/07/2016,63
INGLESIDE,10/27/2016,40
INGLESIDE,12/18/2016,11
BAYVIEW,09/15/2016,49
PARK,12/06/2016,21
TENDERLOIN,01/27/2016,33
CENTRAL,04/25/2016,55
NORTHERN,08/20/2016,43
SOUTHERN,11/12/2016,101
INGLESIDE,12/01/2016,48
INGLESIDE,12/22/2016,39
MISSION,01/03/2016,39
TARAVAL,02/24/2016,35
SOUTHERN,01/17/2016,60
MISSION,07/02/2016,34
SOUTHERN,03/20/2016,56
SOUTHERN,09/24/2016,95
SOUTHERN,08/07/2016,58
TARAVAL,08/30/2016,20
NORTHERN,09/09/2016,49
INGLESIDE,08/13/2016,37
INGLESIDE,10/30/2016,26
TENDERLOIN,08/18/2016,34
NORTHERN,04/03/2016,62
CENTRAL,01/29/2016,43
TENDERLOIN,02/05/2016,27
SOUTHERN,08/25/2016,78
MISSION,11/10/2016,66
INGLESIDE,04/01/2016,61
RICHMOND,01/28/2016,23
PARK,09/15/2016,31
CENTRAL,08/10/2016,40
INGLESIDE,07/21/2016,25
BAYVIEW,12/06/2016,43
TENDERLOIN,06/03/2016,33
TENDERLOIN,08/12/2016,36
TENDERLOIN,04/06/2016,42
RICHMOND,12/08/2016,14
NORTHERN,07/29/2016,60
INGLESIDE,12/03/2016,24
NORTHERN,07/23/2016,58
TENDERLOIN,08/27/2016,19
MISSION,12/11/2016,63
SOUTHERN,01/10/2016,69
RICHMOND,11/18/2016,28
RICHMOND,09/03/2016,24
INGLESIDE,03/19/2016,35
TENDERLOIN,05/18/2016,30
TARAVAL,05/15/2016,34
NORTHERN,03/15/2016,59
MISSION,02/03/2016,52
CENTRAL,10/06/2016,41
CENTRAL,05/11/2016,57
CENTRAL,07/07/2016,37
CENTRAL,07/10/2016,56
NORTHERN,09/26/2016,40
MISSION,10/25/2016,60
SOUTHERN,06/21/2016,74
SOUTHERN,05/10/2016,67
CENTRAL,10/21/2016,57
SOUTHERN,07/13/2016,83
PARK,08/16/2016,22
RICHMOND,06/07/2016,28
CENTRAL,03/10/2016,27
TARAVAL,02/18/2016,27
MISSION,01/26/2016,47
RICHMOND,10/07/2016,25
BAYVIEW,01/20/2016,40
TENDERLOIN,09/16/2016,24
TARAVAL,06/15/2016,29
NORTHERN,08/15/2016,39
TARAVAL,06/13/2016,18
PARK,01/20/2016,26
SOUTHERN,04/24/2016,78
SOUTHERN,06/11/2016,71
CENTRAL,06/20/2016,57
SOUTHERN,11/25/2016,87
NORTHERN,05/23/2016,84
BAYVIEW,08/16/2016,48
SOUTHERN,05/07/2016,91
TARAVAL,11/11/2016,33
RICHMOND,04/23/2016,23
SOUTHERN,02/03/2016,76
TENDERLOIN,06/30/2016,19
NORTHERN,08/16/2016,45
BAYVIEW,05/23/2016,42
INGLESIDE,01/28/2016,39
RICHMOND,04/01/2016,29
TARAVAL,10/11/2016,40
RICHMOND,07/21/2016,22
MISSION,06/21/2016,41
MISSION,05/10/2016,38
PARK,08/15/2016,23
RICHMOND,08/13/2016,22
RICHMOND,10/30/2016,26
SOUTHERN,10/25/2016,92
CENTRAL,07/19/2016,53
SOUTHERN,12/11/2016,94
BAYVIEW,08/15/2016,37
CENTRAL,03/17/2016,55
CENTRAL,06/05/2016,42
NORTHERN,01/20/2016,55
RICHMOND,12/01/2016,30
RICHMOND,12/22/2016,33
TENDERLOIN,07/08/2016,17
TENDERLOIN,05/16/2016,20
RICHMOND,10/27/2016,24
RICHMOND,12/18/2016,26
PARK,05/23/2016,15
MISSION,01/10/2016,47
RICHMOND,04/13/2016,21
INGLESIDE,05/01/2016,42
CENTRAL,04/20/2016,35
PARK,07/23/2016,25
TENDERLOIN,02/29/2016,23
MISSION,06/11/2016,52
MISSION,04/24/2016,35
PARK,07/29/2016,15
BAYVIEW,09/26/2016,43
TENDERLOIN,03/09/2016,24
INGLESIDE,03/13/2016,24
MISSION,05/07/2016,32
CENTRAL,06/22/2016,64
BAYVIEW,03/15/2016,43
MISSION,11/25/2016,67
CENTRAL,12/20/2016,64
RICHMOND,05/27/2016,27
TENDERLOIN,04/16/2016,19
CENTRAL,11/27/2016,47
RICHMOND,02/27/2016,32
MISSION,07/13/2016,44
PARK,03/15/2016,28
BAYVIEW,07/23/2016,39
PARK,09/26/2016,30
BAYVIEW,07/29/2016,39
TENDERLOIN,04/30/2016,24
SOUTHERN,01/26/2016,77
INGLESIDE,02/08/2016,42
TENDERLOIN,10/04/2016,26
RICHMOND,07/09/2016,32
TARAVAL,10/23/2016,22
NORTHERN,12/06/2016,63
SOUTHERN,10/08/2016,91
INGLESIDE,04/23/2016,53
SOUTHERN,01/30/2016,73
SOUTHERN,02/07/2016,77
BAYVIEW,04/03/2016,18
CENTRAL,04/19/2016,54
PARK,08/20/2016,22
CENTRAL,04/27/2016,44
BAYVIEW,09/09/2016,41
SOUTHERN,07/27/2016,74
INGLESIDE,10/07/2016,40
PARK,04/03/2016,30
TARAVAL,07/26/2016,24
CENTRAL,09/04/2016,60
BAYVIEW,08/20/2016,27
MISSION,10/20/2016,66
PARK,09/09/2016,25
TENDERLOIN,04/18/2016,30
SOUTHERN,09/02/2016,98
SOUTHERN,07/15/2016,91
SOUTHERN,04/22/2016,68
NORTHERN,09/15/2016,59
MISSION,10/12/2016,68
INGLESIDE,06/07/2016,16
PARK,12/09/2016,23
MISSION,08/25/2016,69
PARK,05/13/2016,30
SOUTHERN,11/10/2016,99
TENDERLOIN,05/06/2016,25
BAYVIEW,11/20/2016,36
MISSION,09/24/2016,63
BAYVIEW,10/16/2016,34
MISSION,08/07/2016,64
BAYVIEW,09/20/2016,47
PARK,01/31/2016,37
RICHMOND,03/19/2016,21
NORTHERN,07/30/2016,52
PARK,09/20/2016,21
BAYVIEW,01/31/2016,32
INGLESIDE,11/18/2016,29
INGLESIDE,09/03/2016,26
INGLESIDE,12/08/2016,35
BAYVIEW,05/13/2016,32
CENTRAL,09/19/2016,36
BAYVIEW,12/09/2016,34
SOUTHERN,07/02/2016,57
MISSION,03/20/2016,47
MISSION,11/12/2016,63
SOUTHERN,01/03/2016,51
MISSION,01/17/2016,53
PARK,11/20/2016,12
RICHMOND,12/03/2016,15
NORTHERN,04/02/2016,50
TENDERLOIN,10/02/2016,24
PARK,10/16/2016,22
INGLESIDE,08/11/2016,40
INGLESIDE,02/20/2016,31
INGLESIDE,10/31/2016,25
TARAVAL,09/20/2016,34
NORTHERN,12/24/2016,69
TARAVAL,10/16/2016,19
TARAVAL,11/20/2016,33
SOUTHERN,01/24/2016,65
NORTHERN,03/28/2016,55
TENDERLOIN,03/08/2016,32
MISSION,11/01/2016,64
CENTRAL,07/31/2016,71
INGLESIDE,11/16/2016,38
MISSION,06/19/2016,67
TARAVAL,12/09/2016,29
CENTRAL,02/23/2016,39
TARAVAL,05/13/2016,20
CENTRAL,03/01/2016,50
SOUTHERN,11/29/2016,69
CENTRAL,08/09/2016,46
MISSION,01/11/2016,35
RICHMOND,10/18/2016,22
CENTRAL,02/17/2016,47
CENTRAL,07/11/2016,61
RICHMOND,11/22/2016,26
TARAVAL,01/31/2016,20
TENDERLOIN,10/26/2016,28
NORTHERN,08/30/2016,41
TARAVAL,09/09/2016,28
MISSION,01/01/2016,69
MISSION,10/29/2016,52
RICHMOND,07/14/2016,12
TENDERLOIN,11/23/2016,34
SOUTHERN,08/05/2016,71
CENTRAL,12/29/2016,47
MISSION,01/06/2016,42
TARAVAL,04/03/2016,29
MISSION,05/14/2016,46
PARK,07/26/2016,33
RICHMOND,04/09/2016,22
SOUTHERN,08/23/2016,71
SOUTHERN,10/28/2016,86
MISSION,03/22/2016,55
CENTRAL,11/05/2016,50
RICHMOND,06/01/2016,34
INGLESIDE,01/04/2016,36
INGLESIDE,08/24/2016,26
TARAVAL,08/20/2016,20
TENDERLOIN,01/14/2016,44
NORTHERN,02/24/2016,45
BAYVIEW,07/26/2016,51
CENTRAL,09/30/2016,42
INGLESIDE,03/23/2016,34
NORTHERN,05/15/2016,63
MISSION,03/30/2016,50
TARAVAL,03/15/2016,35
CENTRAL,06/14/2016,57
SOUTHERN,09/28/2016,97
PARK,10/23/2016,18
TARAVAL,09/26/2016,27
TENDERLOIN,09/25/2016,17
CENTRAL,03/14/2016,45
CENTRAL,11/24/2016,34
MISSION,04/14/2016,62
BAYVIEW,10/23/2016,37
INGLESIDE,12/02/2016,30
TARAVAL,07/29/2016,28
SOUTHERN,10/17/2016,80
CENTRAL,06/23/2016,59
INGLESIDE,02/04/2016,42
TARAVAL,07/23/2016,29
SOUTHERN,11/09/2016,66
CENTRAL,10/13/2016,41
RICHMOND,09/11/2016,19
RICHMOND,05/26/2016,31
TENDERLOIN,09/23/2016,18
SOUTHERN,06/16/2016,92
INGLESIDE,01/02/2016,20
SOUTHERN,05/28/2016,65
MISSION,08/29/2016,66
NORTHERN,06/13/2016,49
TENDERLOIN,09/06/2016,36
TENDERLOIN,12/13/2016,38
BAYVIEW,10/11/2016,36
RICHMOND,03/05/2016,20
INGLESIDE,10/14/2016,39
TARAVAL,05/23/2016,37
TENDERLOIN,06/06/2016,15
MISSION,04/08/2016,50
NORTHERN,11/11/2016,67
PARK,10/11/2016,30
NORTHERN,02/18/2016,59
TENDERLOIN,12/04/2016,22
SOUTHERN,08/14/2016,92
CENTRAL,09/01/2016,38
NORTHERN,06/15/2016,55
CENTRAL,12/14/2016,52
CENTRAL,06/04/2016,51
MISSION,11/15/2016,78
SOUTHERN,08/28/2016,70
TARAVAL,08/15/2016,31
INGLESIDE,03/27/2016,43
RICHMOND,08/24/2016,21
MISSION,06/16/2016,52
BAYVIEW,06/15/2016,58
CENTRAL,06/18/2016,53
MISSION,11/09/2016,56
CENTRAL,12/31/2016,64
TARAVAL,01/20/2016,51
MISSION,10/17/2016,59
PARK,06/13/2016,19
RICHMOND,03/23/2016,27
BAYVIEW,02/18/2016,53
PARK,11/11/2016,20
MISSION,05/28/2016,48
TENDERLOIN,12/28/2016,23
INGLESIDE,06/01/2016,32
RICHMOND,01/04/2016,27
BAYVIEW,11/11/2016,41
PARK,02/18/2016,20
TARAVAL,08/16/2016,28
CENTRAL,08/22/2016,37
MISSION,09/28/2016,74
CENTRAL,02/12/2016,57
CENTRAL,03/06/2016,46
TENDERLOIN,02/02/2016,27
SOUTHERN,03/30/2016,82
NORTHERN,10/11/2016,55
SOUTHERN,04/14/2016,61
TENDERLOIN,03/02/2016,21
INGLESIDE,07/14/2016,33
PARK,06/15/2016,30
INGLESIDE,04/09/2016,34
BAYVIEW,06/13/2016,26
CENTRAL,04/21/2016,57
INGLESIDE,10/18/2016,32
TENDERLOIN,01/25/2016,43
INGLESIDE,11/22/2016,35
PARK,05/15/2016,34
SOUTHERN,11/15/2016,77
MISSION,08/28/2016,70
TENDERLOIN,08/02/2016,28
CENTRAL,09/10/2016,69
TENDERLOIN,01/18/2016,25
RICHMOND,11/16/2016,23
CENTRAL,04/26/2016,41
NORTHERN,10/23/2016,55
MISSION,08/14/2016,46
CENTRAL,03/26/2016,50
SOUTHERN,08/29/2016,74
SOUTHERN,04/08/2016,65
RICHMOND,10/31/2016,17
RICHMOND,02/20/2016,24
RICHMOND,08/11/2016,19
BAYVIEW,05/15/2016,31
SOUTHERN,06/19/2016,55
CENTRAL,03/03/2016,67
BAYVIEW,02/24/2016,34
NORTHERN,07/26/2016,58
TENDERLOIN,02/14/2016,20
CENTRAL,12/30/2016,58
RICHMOND,03/27/2016,18
SOUTHERN,11/01/2016,80
PARK,08/30/2016,18
TENDERLOIN,06/28/2016,37
TARAVAL,09/15/2016,32
SOUTHERN,01/11/2016,56
MISSION,11/29/2016,64
INGLESIDE,03/05/2016,41
TARAVAL,12/06/2016,36
CENTRAL,09/05/2016,40
RICHMOND,10/14/2016,26
TENDERLOIN,09/08/2016,22
TENDERLOIN,12/07/2016,17
CENTRAL,05/31/2016,55
PARK,02/24/2016,28
MISSION,01/24/2016,44
BAYVIEW,08/30/2016,37
PARK,12/24/2016,18
RICHMOND,01/02/2016,23
SOUTHERN,03/22/2016,84
PARK,03/28/2016,29
RICHMOND,12/02/2016,43
TARAVAL,04/02/2016,35
RICHMOND,02/04/2016,25
INGLESIDE,09/11/2016,31
INGLESIDE,05/26/2016,20
TENDERLOIN,10/19/2016,42
BAYVIEW,03/28/2016,25
SOUTHERN,05/14/2016,90
MISSION,08/05/2016,55
SOUTHERN,01/06/2016,59
SOUTHERN,01/01/2016,75
SOUTHERN,10/29/2016,76
BAYVIEW,12/24/2016,22
MISSION,10/28/2016,71
TARAVAL,07/30/2016,27
MISSION,08/23/2016,54
TENDERLOIN,11/10/2016,16
TARAVAL,04/20/2016,22
INGLESIDE,07/12/2016,20
MISSION,02/05/2016,40
PARK,10/13/2016,30
MISSION,08/18/2016,46
BAYVIEW,11/24/2016,35
NORTHERN,03/26/2016,65
PARK,06/23/2016,16
SOUTHERN,05/06/2016,101
BAYVIEW,03/14/2016,44
TARAVAL,06/22/2016,25
BAYVIEW,06/14/2016,40
TARAVAL,12/20/2016,37
NORTHERN,04/21/2016,62
PARK,06/14/2016,11
TARAVAL,11/27/2016,51
INGLESIDE,11/19/2016,31
RICHMOND,08/06/2016,48
TENDERLOIN,07/02/2016,22
PARK,11/24/2016,19
BAYVIEW,10/13/2016,35
TENDERLOIN,01/03/2016,23
SOUTHERN,10/02/2016,58
NORTHERN,09/10/2016,50
PARK,03/14/2016,39
BAYVIEW,06/23/2016,35
NORTHERN,04/26/2016,40
CENTRAL,10/23/2016,42
MISSION,01/27/2016,62
NORTHERN,08/22/2016,49
TENDERLOIN,10/08/2016,40
MISSION,05/24/2016,62
NORTHERN,02/12/2016,69
NORTHERN,03/06/2016,49
CENTRAL,10/11/2016,47
TENDERLOIN,01/30/2016,24
INGLESIDE,11/21/2016,38
TENDERLOIN,02/07/2016,44
PARK,06/04/2016,21
PARK,12/14/2016,23
INGLESIDE,03/12/2016,21
TARAVAL,07/19/2016,27
RICHMOND,02/21/2016,39
PARK,09/01/2016,34
TENDERLOIN,07/27/2016,44
INGLESIDE,07/28/2016,31
TARAVAL,03/17/2016,61
BAYVIEW,06/04/2016,38
RICHMOND,09/14/2016,33
INGLESIDE,01/15/2016,34
TARAVAL,06/05/2016,46
NORTHERN,06/18/2016,64
BAYVIEW,12/14/2016,49
MISSION,06/10/2016,53
NORTHERN,12/31/2016,53
BAYVIEW,09/01/2016,48
SOUTHERN,04/18/2016,52
TENDERLOIN,07/15/2016,29
TENDERLOIN,09/02/2016,33
INGLESIDE,09/29/2016,22
INGLESIDE,11/26/2016,39
INGLESIDE,02/10/2016,42
TENDERLOIN,04/22/2016,41
PARK,02/23/2016,23
SOUTHERN,02/29/2016,74
PARK,07/31/2016,19
RICHMOND,06/09/2016,49
SOUTHERN,03/09/2016,78
RICHMOND,06/12/2016,36
INGLESIDE,08/03/2016,31
PARK,07/11/2016,16
PARK,02/17/2016,23
PARK,08/09/2016,18
PARK,03/01/2016,52
INGLESIDE,04/07/2016,38
SOUTHERN,04/16/2016,79
BAYVIEW,07/11/2016,49
BAYVIEW,02/17/2016,53
RICHMOND,01/07/2016,31
BAYVIEW,08/09/2016,40
BAYVIEW,03/01/2016,40
TARAVAL,09/19/2016,31
BAYVIEW,02/23/2016,36
BAYVIEW,07/31/2016,46
MISSION,09/16/2016,45
SOUTHERN,04/30/2016,73
SOUTHERN,10/04/2016,79
RICHMOND,01/08/2016,31
INGLESIDE,09/17/2016,33
TENDERLOIN,01/26/2016,65
NORTHERN,09/05/2016,35
SOUTHERN,06/30/2016,74
TENDERLOIN,02/03/2016,34
RICHMOND,05/04/2016,30
PARK,11/05/2016,19
MISSION,05/18/2016,56
RICHMOND,09/22/2016,42
NORTHERN,05/31/2016,56
PARK,09/30/2016,25
TENDERLOIN,10/25/2016,24
BAYVIEW,12/29/2016,38
TARAVAL,04/19/2016,21
RICHMOND,03/11/2016,37
TARAVAL,04/27/2016,33
NORTHERN,03/03/2016,35
TENDERLOIN,12/11/2016,24
MISSION,08/27/2016,53
TARAVAL,09/04/2016,22
RICHMOND,11/28/2016,13
BAYVIEW,09/30/2016,38
CENTRAL,07/26/2016,48
PARK,12/29/2016,23
NORTHERN,12/30/2016,64
MISSION,04/06/2016,48
MISSION,08/12/2016,41
SOUTHERN,07/08/2016,86
MISSION,06/03/2016,42
SOUTHERN,05/16/2016,75
BAYVIEW,11/05/2016,43
RICHMOND,09/29/2016,11
NORTHERN,11/05/2016,47
TENDERLOIN,07/13/2016,28
RICHMOND,11/26/2016,21
RICHMOND,02/10/2016,28
PARK,09/05/2016,19
MISSION,04/16/2016,44
MISSION,10/04/2016,75
INGLESIDE,09/14/2016,29
MISSION,04/30/2016,46
TARAVAL,04/25/2016,28
BAYVIEW,12/30/2016,30
RICHMOND,01/15/2016,23
CENTRAL,02/24/2016,37
SOUTHERN,09/16/2016,84
NORTHERN,09/30/2016,73
PARK,05/31/2016,29
BAYVIEW,03/03/2016,47
CENTRAL,08/30/2016,39
MISSION,03/09/2016,51
PARK,12/30/2016,36
RICHMOND,03/12/2016,13
NORTHERN,12/29/2016,67
TENDERLOIN,04/24/2016,26
TENDERLOIN,06/11/2016,21
MISSION,02/29/2016,46
INGLESIDE,02/21/2016,24
TARAVAL,01/29/2016,40
BAYVIEW,05/31/2016,48
RICHMOND,07/28/2016,29
PARK,03/03/2016,13
TENDERLOIN,11/25/2016,36
BAYVIEW,09/05/2016,43
TARAVAL,08/10/2016,23
RICHMOND,11/21/2016,22
TENDERLOIN,05/07/2016,44
SOUTHERN,04/06/2016,80
SOUTHERN,08/12/2016,85
MISSION,07/08/2016,45
SOUTHERN,06/03/2016,85
TARAVAL,03/25/2016,23
SOUTHERN,08/27/2016,90
NORTHERN,07/31/2016,63
TARAVAL,04/29/2016,27
NORTHERN,02/23/2016,35
NORTHERN,03/01/2016,39
NORTHERN,08/09/2016,53
TENDERLOIN,01/10/2016,17
NORTHERN,02/17/2016,54
NORTHERN,07/11/2016,39
RICHMOND,11/19/2016,19
TARAVAL,06/02/2016,33
INGLESIDE,08/06/2016,32
TARAVAL,05/20/2016,34
MISSION,05/16/2016,51
SOUTHERN,05/18/2016,71
MISSION,06/30/2016,47
CENTRAL,12/24/2016,53
RICHMOND,07/12/2016,15
TARAVAL,04/28/2016,26
TARAVAL,11/02/2016,41
TENDERLOIN,05/10/2016,27
CENTRAL,03/28/2016,34
TENDERLOIN,06/21/2016,38
PARK,03/06/2016,26
TARAVAL,10/21/2016,26
PARK,02/12/2016,31
PARK,08/22/2016,15
TARAVAL,03/10/2016,32
CENTRAL,02/18/2016,35
SOUTHERN,01/27/2016,71
MISSION,10/02/2016,59
NORTHERN,09/01/2016,54
BAYVIEW,12/31/2016,36
INGLESIDE,11/28/2016,41
BAYVIEW,06/18/2016,30
CENTRAL,06/15/2016,53
TENDERLOIN,01/17/2016,19
TENDERLOIN,11/12/2016,27
NORTHERN,12/14/2016,56
TENDERLOIN,03/20/2016,24
NORTHERN,06/04/2016,56
CENTRAL,06/13/2016,41
TENDERLOIN,08/07/2016,21
TENDERLOIN,09/24/2016,20
MISSION,05/06/2016,61
PARK,12/31/2016,20
SOUTHERN,02/05/2016,110
PARK,06/18/2016,36
SOUTHERN,08/18/2016,90
TENDERLOIN,08/25/2016,15
TARAVAL,06/20/2016,26
INGLESIDE,03/11/2016,26
BAYVIEW,02/12/2016,41
BAYVIEW,03/06/2016,35
BAYVIEW,08/22/2016,49
INGLESIDE,09/22/2016,37
CENTRAL,11/11/2016,62
INGLESIDE,05/04/2016,35
MISSION,04/18/2016,45
SOUTHERN,06/10/2016,70
BAYVIEW,09/10/2016,42
TENDERLOIN,10/20/2016,14
BAYVIEW,04/26/2016,30
NORTHERN,06/23/2016,48
PARK,03/26/2016,29
NORTHERN,10/13/2016,69
RICHMOND,09/17/2016,23
INGLESIDE,01/08/2016,41
RICHMOND,04/07/2016,26
TENDERLOIN,10/12/2016,24
INGLESIDE,01/07/2016,30
BAYVIEW,04/21/2016,46
CENTRAL,05/15/2016,64
RICHMOND,08/03/2016,22
SOUTHERN,05/24/2016,83
NORTHERN,06/14/2016,58
TARAVAL,10/06/2016,28
PARK,04/21/2016,30
TARAVAL,05/11/2016,32
TARAVAL,07/07/2016,37
PARK,04/26/2016,14
BAYVIEW,03/26/2016,34
NORTHERN,03/14/2016,56
PARK,09/10/2016,30
TARAVAL,07/10/2016,25
NORTHERN,11/24/2016,43
INGLESIDE,06/09/2016,13
INGLESIDE,06/12/2016,15
PARK,10/06/2016,42
TARAVAL,04/21/2016,26
RICHMOND,12/17/2016,18
NORTHERN,11/27/2016,55
TENDERLOIN,03/22/2016,34
RICHMOND,10/24/2016,26
MISSION,01/14/2016,53
TARAVAL,04/26/2016,31
PARK,07/10/2016,23
TARAVAL,09/10/2016,30
PARK,07/07/2016,21
PARK,05/11/2016,19
RICHMOND,06/17/2016,18
NORTHERN,04/20/2016,49
SOUTHERN,10/19/2016,76
TENDERLOIN,05/14/2016,31
BAYVIEW,07/10/2016,37
INGLESIDE,03/31/2016,38
TENDERLOIN,01/06/2016,18
TARAVAL,03/26/2016,21
MISSION,11/23/2016,68
TENDERLOIN,10/29/2016,16
TENDERLOIN,01/01/2016,47
BAYVIEW,07/07/2016,31
BAYVIEW,05/11/2016,36
BAYVIEW,10/06/2016,33
NORTHERN,06/22/2016,52
INGLESIDE,09/12/2016,25
INGLESIDE,03/24/2016,20
INGLESIDE,08/31/2016,29
NORTHERN,12/20/2016,49
NORTHERN,03/17/2016,45
TENDERLOIN,06/19/2016,26
PARK,06/20/2016,27
SOUTHERN,02/14/2016,98
NORTHERN,06/05/2016,48
TARAVAL,06/18/2016,33
CENTRAL,01/20/2016,60
TARAVAL,12/31/2016,30
TENDERLOIN,11/01/2016,24
MISSION,03/08/2016,43
MISSION,10/26/2016,53
SOUTHERN,06/28/2016,80
BAYVIEW,03/10/2016,45
RICHMOND,11/17/2016,28
INGLESIDE,08/26/2016,39
BAYVIEW,10/21/2016,35
RICHMOND,08/21/2016,27
TENDERLOIN,01/11/2016,30
PARK,03/10/2016,18
TARAVAL,08/22/2016,39
CENTRAL,08/16/2016,40
PARK,10/21/2016,24
TARAVAL,03/06/2016,31
TARAVAL,02/12/2016,27
SOUTHERN,12/07/2016,60
SOUTHERN,09/08/2016,83
BAYVIEW,06/20/2016,29
NORTHERN,07/19/2016,51
BAYVIEW,05/20/2016,46
BAYVIEW,06/02/2016,46
INGLESIDE,07/01/2016,40
SOUTHERN,01/25/2016,76
RICHMOND,01/05/2016,10
SOUTHERN,08/02/2016,72
TENDERLOIN,11/15/2016,23
NORTHERN,09/19/2016,59
BAYVIEW,04/29/2016,46
PARK,11/02/2016,21
RICHMOND,09/13/2016,25
BAYVIEW,03/25/2016,33
SOUTHERN,01/18/2016,72
PARK,04/28/2016,38
CENTRAL,04/02/2016,56
MISSION,12/04/2016,67
RICHMOND,05/09/2016,16
PARK,04/29/2016,29
BAYVIEW,11/02/2016,42
BAYVIEW,04/28/2016,39
PARK,03/25/2016,42
MISSION,09/06/2016,58
TENDERLOIN,08/29/2016,32
PARK,05/20/2016,14
TENDERLOIN,04/08/2016,41
PARK,06/02/2016,14
MISSION,06/06/2016,39
CENTRAL,07/30/2016,65
INGLESIDE,04/10/2016,34
RICHMOND,08/19/2016,17
MISSION,12/13/2016,61
MISSION,09/23/2016,72
TARAVAL,03/03/2016,25
PARK,01/29/2016,19
NORTHERN,09/04/2016,36
RICHMOND,06/25/2016,24
TARAVAL,12/30/2016,27
BAYVIEW,04/25/2016,37
RICHMOND,02/16/2016,20
INGLESIDE,06/27/2016,26
PARK,08/10/2016,32
SOUTHERN,12/28/2016,73
CENTRAL,09/15/2016,58
INGLESIDE,10/10/2016,21
CENTRAL,12/06/2016,43
BAYVIEW,08/10/2016,51
TARAVAL,09/05/2016,33
RICHMOND,02/06/2016,14
SOUTHERN,02/02/2016,94
TENDERLOIN,03/30/2016,28
TARAVAL,05/31/2016,31
SOUTHERN,03/02/2016,70
TENDERLOIN,04/14/2016,23
BAYVIEW,01/29/2016,43
NORTHERN,04/19/2016,45
PARK,04/25/2016,27
MISSION,09/25/2016,70
NORTHERN,04/27/2016,37
RICHMOND,01/09/2016,24
BAYVIEW,04/27/2016,26
SOUTHERN,09/06/2016,75
CENTRAL,09/09/2016,47
BAYVIEW,04/19/2016,33
TARAVAL,12/29/2016,36
PARK,09/04/2016,27
CENTRAL,04/03/2016,44
NORTHERN,01/29/2016,70
SOUTHERN,12/13/2016,60
SOUTHERN,06/06/2016,73
NORTHERN,08/10/2016,52
TARAVAL,11/05/2016,28
MISSION,01/25/2016,50
INGLESIDE,11/17/2016,27
INGLESIDE,08/21/2016,38
RICHMOND,08/26/2016,28
TENDERLOIN,08/14/2016,13
PARK,04/27/2016,28
SOUTHERN,12/04/2016,89
NORTHERN,04/25/2016,42
CENTRAL,08/20/2016,51
MISSION,01/18/2016,39
PARK,04/19/2016,27
TARAVAL,09/30/2016,27
BAYVIEW,09/04/2016,34
MISSION,08/02/2016,62
TENDERLOIN,08/28/2016,23
MISSION,02/02/2016,32
TENDERLOIN,09/28/2016,26
RICHMOND,09/12/2016,40
RICHMOND,03/24/2016,32
RICHMOND,08/31/2016,18
CENTRAL,09/20/2016,45
CENTRAL,10/16/2016,53
NORTHERN,04/28/2016,55
CENTRAL,11/20/2016,45
SOUTHERN,09/25/2016,94
RICHMOND,03/31/2016,21
NORTHERN,11/02/2016,55
PARK,09/19/2016,24
MISSION,03/02/2016,51
INGLESIDE,10/24/2016,18
NORTHERN,03/25/2016,63
TENDERLOIN,10/17/2016,35
TENDERLOIN,11/09/2016,28
NORTHERN,04/29/2016,49
TARAVAL,07/31/2016,31
CENTRAL,05/13/2016,41
INGLESIDE,06/17/2016,37
TARAVAL,02/23/2016,27
TENDERLOIN,06/16/2016,28
SOUTHERN,09/23/2016,65
CENTRAL,12/09/2016,66
BAYVIEW,09/19/2016,31
TARAVAL,03/01/2016,39
TARAVAL,08/09/2016,25
TARAVAL,02/17/2016,23
INGLESIDE,12/17/2016,33
TARAVAL,07/11/2016,26
NORTHERN,06/02/2016,61
MISSION,12/28/2016,64
NORTHERN,05/20/2016,58
CENTRAL,01/31/2016,62
TENDERLOIN,05/28/2016,26
SOUTHERN,11/23/2016,86
BAYVIEW,07/19/2016,37
TENDERLOIN,08/05/2016,23
PARK,06/05/2016,19
NORTHERN,06/20/2016,61
INGLESIDE,01/09/2016,19
PARK,03/17/2016,15
MISSION,10/19/2016,54
TENDERLOIN,08/23/2016,30
CENTRAL,05/23/2016,64
TENDERLOIN,10/28/2016,13
INGLESIDE,02/06/2016,41
RICHMOND,10/10/2016,24
NORTHERN,10/21/2016,54
NORTHERN,03/10/2016,39
SOUTHERN,01/14/2016,66
PARK,07/19/2016,19
TARAVAL,09/01/2016,79
INGLESIDE,02/16/2016,40
TARAVAL,12/14/2016,41
BAYVIEW,06/05/2016,33
INGLESIDE,06/25/2016,20
CENTRAL,08/15/2016,55
RICHMOND,06/27/2016,22
TARAVAL,06/04/2016,31
BAYVIEW,03/17/2016,52
MISSION,12/07/2016,45
BAYVIEW,12/20/2016,44
MISSION,09/08/2016,42
CENTRAL,03/15/2016,31
TARAVAL,06/14/2016,18
PARK,11/27/2016,19
INGLESIDE,08/19/2016,39
BAYVIEW,06/22/2016,40
RICHMOND,04/10/2016,22
NORTHERN,10/06/2016,55
NORTHERN,05/11/2016,31
INGLESIDE,05/09/2016,30
NORTHERN,07/07/2016,52
TARAVAL,03/14/2016,49
NORTHERN,07/10/2016,52
CENTRAL,09/26/2016,52
TENDERLOIN,01/24/2016,33
TARAVAL,11/24/2016,26
BAYVIEW,04/20/2016,56
SOUTHERN,03/08/2016,73
INGLESIDE,01/05/2016,40
CENTRAL,07/29/2016,43
TARAVAL,06/23/2016,25
MISSION,02/14/2016,46
TARAVAL,10/13/2016,36
INGLESIDE,09/13/2016,30
CENTRAL,07/23/2016,67
PARK,04/20/2016,72
PARK,12/20/2016,18
TENDERLOIN,11/29/2016,25
RICHMOND,07/01/2016,28
BAYVIEW,11/27/2016,32
PARK,06/22/2016,25
SOUTHERN,10/26/2016,86
MISSION,06/28/2016,38
RICHMOND,07/27/2016,32
PARK,02/09/2016,28
MISSION,05/01/2016,59
TENDERLOIN,02/21/2016,20
INGLESIDE,06/11/2016,29
TARAVAL,06/26/2016,24
INGLESIDE,04/24/2016,38
RICHMOND,02/07/2016,18
MISSION,03/13/2016,40
INGLESIDE,05/07/2016,45
NORTHERN,05/19/2016,43
RICHMOND,01/30/2016,31
NORTHERN,09/18/2016,69
NORTHERN,04/15/2016,62
RICHMOND,10/08/2016,34
INGLESIDE,11/25/2016,30
CENTRAL,12/27/2016,57
BAYVIEW,05/22/2016,37
PARK,10/03/2016,25
CENTRAL,10/09/2016,47
NORTHERN,02/22/2016,53
INGLESIDE,07/13/2016,28
RICHMOND,04/22/2016,35
BAYVIEW,10/03/2016,45
RICHMOND,09/02/2016,16
PARK,05/22/2016,30
RICHMOND,07/15/2016,25
BAYVIEW,02/09/2016,42
MISSION,02/08/2016,56
TENDERLOIN,09/14/2016,22
TARAVAL,12/23/2016,31
PARK,10/22/2016,16
MISSION,01/28/2016,46
TARAVAL,07/03/2016,32
PARK,09/21/2016,29
SOUTHERN,03/19/2016,75
INGLESIDE,06/21/2016,23
PARK,07/05/2016,15
INGLESIDE,05/10/2016,32
CENTRAL,10/15/2016,64
TARAVAL,05/30/2016,23
TARAVAL,01/21/2016,46
RICHMOND,11/10/2016,29
NORTHERN,04/11/2016,59
BAYVIEW,07/05/2016,42
SOUTHERN,12/03/2016,81
TARAVAL,01/12/2016,46
RICHMOND,01/03/2016,17
RICHMOND,07/02/2016,15
TARAVAL,12/10/2016,24
TENDERLOIN,08/06/2016,22
CENTRAL,12/26/2016,39
BAYVIEW,10/22/2016,46
INGLESIDE,01/10/2016,32
NORTHERN,05/25/2016,69
BAYVIEW,09/21/2016,39
BAYVIEW,12/12/2016,40
TENDERLOIN,03/11/2016,25
TARAVAL,06/29/2016,34
INGLESIDE,08/25/2016,22
CENTRAL,05/05/2016,41
RICHMOND,10/25/2016,24
SOUTHERN,08/13/2016,87
SOUTHERN,10/30/2016,74
NORTHERN,04/17/2016,51
INGLESIDE,09/24/2016,33
INGLESIDE,08/07/2016,41
SOUTHERN,07/21/2016,70
TENDERLOIN,05/04/2016,45
TENDERLOIN,09/22/2016,22
CENTRAL,06/24/2016,60
SOUTHERN,04/01/2016,110
RICHMOND,02/03/2016,21
TARAVAL,02/19/2016,33
MISSION,11/18/2016,53
MISSION,09/03/2016,73
SOUTHERN,12/18/2016,77
CENTRAL,04/12/2016,41
SOUTHERN,10/27/2016,81
MISSION,12/08/2016,51
PARK,12/12/2016,22
INGLESIDE,03/20/2016,26
SOUTHERN,12/01/2016,68
SOUTHERN,12/22/2016,98
INGLESIDE,11/12/2016,45
TARAVAL,12/15/2016,37
INGLESIDE,01/17/2016,30
TENDERLOIN,11/28/2016,21
NORTHERN,10/05/2016,47
RICHMOND,12/11/2016,22
NORTHERN,07/04/2016,62
PARK,11/30/2016,19
MISSION,04/23/2016,54
CENTRAL,07/17/2016,52
PARK,09/27/2016,33
TENDERLOIN,06/12/2016,20
TARAVAL,07/25/2016,21
TENDERLOIN,06/09/2016,26
TARAVAL,07/20/2016,29
SOUTHERN,04/13/2016,81
MISSION,10/07/2016,73
CENTRAL,07/16/2016,63
SOUTHERN,07/09/2016,95
RICHMOND,01/26/2016,22
TENDERLOIN,01/08/2016,30
BAYVIEW,09/27/2016,56
NORTHERN,11/07/2016,72
INGLESIDE,10/20/2016,23
TARAVAL,01/22/2016,42
TENDERLOIN,01/07/2016,32
BAYVIEW,11/30/2016,55
INGLESIDE,10/12/2016,38
SOUTHERN,02/27/2016,98
MISSION,06/07/2016,43
SOUTHERN,05/27/2016,92
CENTRAL,02/25/2016,43
MISSION,10/27/2016,87
TENDERLOIN,11/19/2016,27
MISSION,12/18/2016,47
NORTHERN,11/30/2016,32
PARK,07/04/2016,19
SOUTHERN,09/03/2016,83
SOUTHERN,11/18/2016,115
RICHMOND,01/10/2016,16
TARAVAL,05/29/2016,36
BAYVIEW,11/07/2016,32
MISSION,12/01/2016,55
MISSION,12/22/2016,65
INGLESIDE,01/03/2016,26
SOUTHERN,12/08/2016,52
INGLESIDE,07/02/2016,27
NORTHERN,09/27/2016,49
CENTRAL,10/01/2016,45
RICHMOND,05/10/2016,32
RICHMOND,06/21/2016,18
CENTRAL,07/18/2016,49
PARK,11/07/2016,23
MISSION,08/13/2016,46
MISSION,10/30/2016,64
CENTRAL,08/17/2016,45
INGLESIDE,11/10/2016,29
TENDERLOIN,07/12/2016,29
TARAVAL,05/12/2016,32
TARAVAL,01/19/2016,34
MISSION,04/01/2016,52
BAYVIEW,07/04/2016,30
CENTRAL,12/19/2016,56
MISSION,07/21/2016,41
BAYVIEW,10/05/2016,42
PARK,04/17/2016,27
CENTRAL,02/26/2016,50
CENTRAL,07/22/2016,54
TENDERLOIN,01/15/2016,25
SOUTHERN,10/07/2016,96
MISSION,07/09/2016,46
SOUTHERN,06/07/2016,72
MISSION,05/27/2016,44
TARAVAL,11/14/2016,37
TARAVAL,01/23/2016,34
INGLESIDE,04/22/2016,29
RICHMOND,07/13/2016,20
TENDERLOIN,02/10/2016,45
MISSION,02/27/2016,44
TENDERLOIN,11/26/2016,33
INGLESIDE,07/15/2016,33
TENDERLOIN,09/29/2016,22
INGLESIDE,09/02/2016,32
INGLESIDE,01/30/2016,35
RICHMOND,05/07/2016,27
SOUTHERN,04/23/2016,82
TENDERLOIN,11/21/2016,23
INGLESIDE,10/08/2016,27
CENTRAL,05/21/2016,47
RICHMOND,11/25/2016,16
CENTRAL,11/04/2016,66
BAYVIEW,04/17/2016,36
PARK,10/05/2016,22
TENDERLOIN,07/28/2016,17
MISSION,04/13/2016,53
INGLESIDE,07/27/2016,34
RICHMOND,06/11/2016,19
TENDERLOIN,03/12/2016,26
CENTRAL,03/16/2016,41
RICHMOND,04/24/2016,18
INGLESIDE,02/07/2016,34
NORTHERN,12/12/2016,72
NORTHERN,09/21/2016,40
BAYVIEW,05/25/2016,29
RICHMOND,10/12/2016,20
TENDERLOIN,04/07/2016,17
NORTHERN,10/22/2016,60
SOUTHERN,02/08/2016,68
INGLESIDE,01/26/2016,44
TENDERLOIN,09/17/2016,21
RICHMOND,10/20/2016,28
NORTHERN,07/05/2016,79
CENTRAL,05/08/2016,37
BAYVIEW,04/11/2016,40
SOUTHERN,05/01/2016,77
PARK,04/11/2016,19
PARK,05/25/2016,21
TENDERLOIN,08/03/2016,20
SOUTHERN,03/13/2016,46
CENTRAL,04/05/2016,44
CENTRAL,12/21/2016,37
RICHMOND,03/20/2016,28
RICHMOND,01/17/2016,31
RICHMOND,11/12/2016,22
MISSION,12/03/2016,53
INGLESIDE,12/11/2016,22
NORTHERN,02/09/2016,49
NORTHERN,10/03/2016,59
PARK,04/15/2016,40
PARK,09/18/2016,18
CENTRAL,11/13/2016,49
BAYVIEW,02/22/2016,46
PARK,05/19/2016,28
NORTHERN,05/22/2016,47
MISSION,03/19/2016,61
BAYVIEW,04/15/2016,43
BAYVIEW,09/18/2016,40
SOUTHERN,01/28/2016,80
PARK,02/22/2016,29
INGLESIDE,02/03/2016,32
TARAVAL,12/16/2016,37
TARAVAL,03/07/2016,25
BAYVIEW,05/19/2016,37
RICHMOND,08/25/2016,20
TARAVAL,02/15/2016,30
INGLESIDE,10/25/2016,23
RICHMOND,08/07/2016,51
RICHMOND,09/24/2016,37
PARK,03/07/2016,28
PARK,12/16/2016,20
TARAVAL,02/22/2016,24
TENDERLOIN,08/21/2016,26
RICHMOND,01/11/2016,16
MISSION,10/18/2016,79
CENTRAL,02/13/2016,51
TENDERLOIN,11/17/2016,21
MISSION,11/22/2016,83
RICHMOND,11/01/2016,21
SOUTHERN,03/27/2016,57
INGLESIDE,08/28/2016,17
PARK,02/15/2016,24
INGLESIDE,08/14/2016,32
RICHMOND,06/19/2016,19
CENTRAL,06/08/2016,36
CENTRAL,08/04/2016,39
BAYVIEW,02/15/2016,45
CENTRAL,03/04/2016,55
NORTHERN,06/26/2016,65
CENTRAL,11/08/2016,36
TARAVAL,05/19/2016,25
BAYVIEW,03/07/2016,32
BAYVIEW,12/16/2016,42
SOUTHERN,10/14/2016,77
TARAVAL,04/15/2016,36
TARAVAL,09/18/2016,26
TARAVAL,04/11/2016,27
INGLESIDE,06/16/2016,32
TENDERLOIN,06/17/2016,28
NORTHERN,01/12/2016,54
SOUTHERN,02/04/2016,88
INGLESIDE,11/09/2016,37
SOUTHERN,12/02/2016,93
INGLESIDE,10/17/2016,24
TENDERLOIN,10/24/2016,26
RICHMOND,03/22/2016,26
NORTHERN,12/10/2016,61
INGLESIDE,05/28/2016,28
TENDERLOIN,12/17/2016,21
MISSION,06/01/2016,56
SOUTHERN,01/02/2016,83
TARAVAL,05/25/2016,27
NORTHERN,12/23/2016,66
CENTRAL,07/06/2016,51
INGLESIDE,09/28/2016,25
NORTHERN,07/03/2016,63
CENTRAL,05/17/2016,48
RICHMOND,01/01/2016,32
RICHMOND,10/29/2016,33
MISSION,07/14/2016,42
RICHMOND,01/06/2016,26
NORTHERN,01/21/2016,44
NORTHERN,05/30/2016,65
RICHMOND,05/14/2016,22
MISSION,04/09/2016,40
SOUTHERN,01/04/2016,70
BAYVIEW,01/23/2016,51
BAYVIEW,11/14/2016,32
SOUTHERN,03/23/2016,81
NORTHERN,12/15/2016,36
TENDERLOIN,06/25/2016,29
TENDERLOIN,02/16/2016,30
MISSION,09/11/2016,67
MISSION,05/26/2016,45
TARAVAL,10/05/2016,24
SOUTHERN,08/24/2016,71
NORTHERN,06/29/2016,61
TENDERLOIN,01/09/2016,20
INGLESIDE,08/05/2016,27
TARAVAL,04/17/2016,19
RICHMOND,04/14/2016,22
TENDERLOIN,02/06/2016,29
RICHMOND,03/30/2016,19
PARK,11/14/2016,37
PARK,01/23/2016,36
INGLESIDE,10/28/2016,31
INGLESIDE,08/23/2016,35
NORTHERN,02/19/2016,52
SOUTHERN,11/16/2016,63
TENDERLOIN,09/13/2016,27
TARAVAL,11/07/2016,28
TENDERLOIN,01/05/2016,47
BAYVIEW,05/29/2016,27
RICHMOND,11/15/2016,31
NORTHERN,01/22/2016,44
PARK,01/19/2016,28
INGLESIDE,11/29/2016,42
PARK,05/12/2016,20
MISSION,03/05/2016,39
TENDERLOIN,08/19/2016,22
SOUTHERN,02/20/2016,85
CENTRAL,11/06/2016,58
SOUTHERN,08/11/2016,79
TARAVAL,07/04/2016,18
SOUTHERN,10/31/2016,84
BAYVIEW,01/19/2016,36
RICHMOND,04/08/2016,26
BAYVIEW,05/12/2016,46
CENTRAL,05/03/2016,31
NORTHERN,07/25/2016,46
RICHMOND,08/29/2016,24
INGLESIDE,01/24/2016,40
NORTHERN,07/20/2016,55
TENDERLOIN,05/09/2016,21
PARK,05/29/2016,26
BAYVIEW,07/20/2016,51
CENTRAL,08/08/2016,53
INGLESIDE,01/01/2016,63
INGLESIDE,10/29/2016,29
TENDERLOIN,03/31/2016,28
INGLESIDE,01/06/2016,27
CENTRAL,02/01/2016,69
INGLESIDE,05/14/2016,31
BAYVIEW,07/25/2016,32
TENDERLOIN,08/31/2016,30
CENTRAL,09/07/2016,36
NORTHERN,05/12/2016,51
TENDERLOIN,03/24/2016,41
TENDERLOIN,09/12/2016,22
RICHMOND,09/28/2016,29
NORTHERN,01/19/2016,38
PARK,01/22/2016,37
RICHMOND,05/28/2016,28
INGLESIDE,03/22/2016,40
CENTRAL,11/03/2016,42
TARAVAL,11/30/2016,36
BAYVIEW,01/22/2016,40
MISSION,01/04/2016,34
NORTHERN,05/29/2016,60
RICHMOND,06/16/2016,29
PARK,07/20/2016,14
SOUTHERN,09/11/2016,69
SOUTHERN,05/26/2016,64
MISSION,08/24/2016,63
RICHMOND,11/09/2016,24
RICHMOND,10/17/2016,35
TARAVAL,09/27/2016,16
MISSION,03/23/2016,49
PARK,07/25/2016,26
BAYVIEW,02/19/2016,26
CENTRAL,02/11/2016,40
CENTRAL,03/29/2016,50
MISSION,02/20/2016,30
MISSION,08/11/2016,50
MISSION,10/31/2016,78
SOUTHERN,03/05/2016,45
CENTRAL,07/24/2016,38
PARK,12/15/2016,18
BAYVIEW,06/29/2016,34
TARAVAL,12/12/2016,37
RICHMOND,08/28/2016,28
INGLESIDE,11/01/2016,38
CENTRAL,08/01/2016,66
MISSION,11/16/2016,79
BAYVIEW,12/15/2016,44
INGLESIDE,06/19/2016,18
RICHMOND,08/14/2016,14
PARK,06/29/2016,15
PARK,02/19/2016,27
INGLESIDE,01/11/2016,26
TENDERLOIN,08/26/2016,19
NORTHERN,11/14/2016,45
NORTHERN,01/23/2016,93
CENTRAL,12/05/2016,39
INGLESIDE,08/29/2016,27
CENTRAL,12/25/2016,32
RICHMOND,01/24/2016,15
BAYVIEW,01/21/2016,36
BAYVIEW,05/30/2016,24
PARK,01/12/2016,29
CENTRAL,01/16/2016,57
TENDERLOIN,04/10/2016,30
BAYVIEW,07/03/2016,32
MISSION,10/14/2016,62
INGLESIDE,04/08/2016,35
CENTRAL,03/18/2016,57
BAYVIEW,12/23/2016,41
PARK,12/10/2016,25
TARAVAL,09/21/2016,42
PARK,07/03/2016,23
SOUTHERN,11/22/2016,62
TARAVAL,10/22/2016,32
TENDERLOIN,07/01/2016,30
SOUTHERN,10/18/2016,58
CENTRAL,01/13/2016,40
RICHMOND,11/29/2016,40
PARK,12/23/2016,30
BAYVIEW,12/10/2016,26
PARK,05/30/2016,21
PARK,01/21/2016,36
BAYVIEW,01/12/2016,41
INGLESIDE,11/15/2016,45
TARAVAL,07/05/2016,38
MISSION,03/27/2016,70
INGLESIDE,03/30/2016,33
TARAVAL,05/22/2016,28
RICHMOND,10/28/2016,29
NORTHERN,12/16/2016,57
RICHMOND,08/23/2016,13
NORTHERN,03/07/2016,60
SOUTHERN,04/09/2016,72
BAYVIEW,06/26/2016,28
RICHMOND,08/05/2016,29
NORTHERN,02/15/2016,61
SOUTHERN,07/14/2016,75
INGLESIDE,04/14/2016,33
TENDERLOIN,06/27/2016,23
MISSION,12/02/2016,41
PARK,06/26/2016,20
MISSION,02/04/2016,53
CENTRAL,05/02/2016,51
TARAVAL,02/09/2016,36
CENTRAL,04/04/2016,48
CENTRAL,03/21/2016,44
TARAVAL,10/03/2016,34
SOUTHERN,06/01/2016,92
MISSION,01/02/2016,74
TENDERLOIN,10/10/2016,40
CENTRAL,02/28/2016,32
INGLESIDE,07/08/2016,25
NORTHERN,08/01/2016,86
TARAVAL,02/26/2016,36
TARAVAL,07/22/2016,28
RICHMOND,01/27/2016,24
CENTRAL,11/14/2016,43
CENTRAL,01/23/2016,58
MISSION,08/06/2016,44
NORTHERN,12/05/2016,65
INGLESIDE,05/16/2016,38
NORTHERN,02/11/2016,43
TENDERLOIN,01/28/2016,25
NORTHERN,03/29/2016,58
TARAVAL,05/21/2016,34
INGLESIDE,06/30/2016,37
TARAVAL,11/04/2016,28
RICHMOND,08/18/2016,20
RICHMOND,02/05/2016,40
NORTHERN,07/24/2016,65
TARAVAL,03/16/2016,34
TARAVAL,02/25/2016,25
NORTHERN,11/03/2016,58
INGLESIDE,04/16/2016,18
SOUTHERN,04/07/2016,107
PARK,11/06/2016,28
CENTRAL,05/29/2016,77
INGLESIDE,10/04/2016,45
SOUTHERN,09/17/2016,81
MISSION,09/14/2016,52
TENDERLOIN,02/08/2016,22
INGLESIDE,04/30/2016,50
RICHMOND,06/10/2016,31
TARAVAL,10/01/2016,38
PARK,05/03/2016,14
NORTHERN,08/08/2016,58
INGLESIDE,03/09/2016,27
TARAVAL,07/18/2016,21
INGLESIDE,02/29/2016,36
MISSION,02/21/2016,59
NORTHERN,02/01/2016,65
TARAVAL,08/17/2016,23
BAYVIEW,05/03/2016,36
TENDERLOIN,05/01/2016,42
NORTHERN,09/07/2016,33
CENTRAL,05/12/2016,34
CENTRAL,01/19/2016,37
BAYVIEW,11/06/2016,33
RICHMOND,05/24/2016,23
TENDERLOIN,03/13/2016,31
SOUTHERN,08/03/2016,97
TARAVAL,12/19/2016,29
PARK,11/08/2016,31
INGLESIDE,04/18/2016,28
RICHMOND,09/16/2016,30
PARK,03/04/2016,33
SOUTHERN,01/15/2016,95
NORTHERN,05/02/2016,41
PARK,08/04/2016,20
MISSION,01/08/2016,50
PARK,06/08/2016,14
NORTHERN,04/04/2016,45
TENDERLOIN,10/07/2016,22
TENDERLOIN,06/07/2016,26
NORTHERN,03/21/2016,49
SOUTHERN,11/26/2016,70
NORTHERN,02/28/2016,46
SOUTHERN,02/10/2016,70
BAYVIEW,02/13/2016,41
TARAVAL,11/13/2016,18
MISSION,01/07/2016,38
SOUTHERN,09/29/2016,90
SOUTHERN,11/21/2016,55
TENDERLOIN,04/23/2016,30
PARK,02/13/2016,27
CENTRAL,12/16/2016,60
CENTRAL,03/07/2016,40
SOUTHERN,07/28/2016,81
BAYVIEW,11/08/2016,34
BAYVIEW,03/04/2016,51
MISSION,06/09/2016,53
SOUTHERN,03/12/2016,74
CENTRAL,02/15/2016,43
BAYVIEW,06/08/2016,35
MISSION,06/12/2016,39
BAYVIEW,08/04/2016,26
PARK,05/17/2016,15
SOUTHERN,11/19/2016,81
TENDERLOIN,09/03/2016,36
NORTHERN,01/13/2016,40
PARK,07/06/2016,22
TENDERLOIN,11/18/2016,37
INGLESIDE,10/02/2016,42
RICHMOND,08/27/2016,29
MISSION,11/28/2016,62
TARAVAL,05/08/2016,35
RICHMOND,06/03/2016,22
TENDERLOIN,12/08/2016,29
RICHMOND,04/06/2016,23
RICHMOND,08/12/2016,25
NORTHERN,12/25/2016,44
INGLESIDE,05/06/2016,43
SOUTHERN,07/12/2016,63
MISSION,03/11/2016,39
NORTHERN,01/16/2016,75
BAYVIEW,05/17/2016,38
NORTHERN,03/18/2016,58
TARAVAL,04/05/2016,28
TARAVAL,12/21/2016,24
BAYVIEW,07/06/2016,30
MISSION,09/22/2016,40
MISSION,05/04/2016,51
RICHMOND,05/18/2016,16
CENTRAL,12/23/2016,60
NORTHERN,07/06/2016,68
PARK,01/13/2016,21
BAYVIEW,03/18/2016,53
INGLESIDE,05/24/2016,30
CENTRAL,07/03/2016,47
BAYVIEW,01/16/2016,36
MISSION,11/21/2016,62
NORTHERN,05/17/2016,55
RICHMOND,03/09/2016,21
SOUTHERN,06/12/2016,84
TARAVAL,10/15/2016,29
SOUTHERN,06/09/2016,65
MISSION,03/12/2016,37
CENTRAL,01/21/2016,50
BAYVIEW,12/25/2016,25
CENTRAL,05/30/2016,65
RICHMOND,02/29/2016,18
TENDERLOIN,04/13/2016,22
MISSION,07/28/2016,45
SOUTHERN,01/08/2016,84
TENDERLOIN,07/09/2016,16
RICHMOND,10/04/2016,33
CENTRAL,01/12/2016,45
MISSION,01/15/2016,37
RICHMOND,04/30/2016,25
INGLESIDE,06/10/2016,29
PARK,12/25/2016,7
TARAVAL,12/26/2016,29
BAYVIEW,01/13/2016,33
CENTRAL,12/10/2016,61
MISSION,09/29/2016,55
MISSION,11/26/2016,66
TENDERLOIN,02/27/2016,20
MISSION,02/10/2016,42
PARK,03/18/2016,29
SOUTHERN,01/07/2016,70
RICHMOND,04/16/2016,23
TENDERLOIN,05/27/2016,32
PARK,01/16/2016,30
MISSION,07/12/2016,58
NORTHERN,06/08/2016,49
PARK,04/04/2016,29
SOUTHERN,03/11/2016,80
NORTHERN,08/04/2016,47
INGLESIDE,02/05/2016,35
PARK,05/02/2016,31
INGLESIDE,08/18/2016,26
NORTHERN,03/04/2016,64
TENDERLOIN,08/13/2016,32
TENDERLOIN,10/30/2016,29
CENTRAL,06/26/2016,43
NORTHERN,11/08/2016,53
SOUTHERN,09/22/2016,94
TENDERLOIN,07/21/2016,29
SOUTHERN,05/04/2016,71
PARK,02/28/2016,21
TENDERLOIN,04/01/2016,41
RICHMOND,06/30/2016,27
PARK,03/21/2016,38
TARAVAL,10/09/2016,34
TARAVAL,12/27/2016,30
BAYVIEW,02/28/2016,64
NORTHERN,02/13/2016,60
TENDERLOIN,12/18/2016,17
MISSION,11/19/2016,47
TENDERLOIN,10/27/2016,31
RICHMOND,05/16/2016,31
BAYVIEW,03/21/2016,51
RICHMOND,07/08/2016,18
BAYVIEW,04/04/2016,44
BAYVIEW,05/02/2016,46
TENDERLOIN,12/01/2016,35
TENDERLOIN,12/22/2016,30
SOUTHERN,11/28/2016,66
INGLESIDE,01/27/2016,38
NORTHERN,11/06/2016,58
PARK,11/03/2016,21
INGLESIDE,05/18/2016,20
TARAVAL,07/17/2016,27
BAYVIEW,09/07/2016,66
TENDERLOIN,03/19/2016,23
NORTHERN,05/03/2016,56
CENTRAL,07/25/2016,56
BAYVIEW,02/01/2016,43
RICHMOND,05/06/2016,25
BAYVIEW,08/08/2016,19
CENTRAL,07/20/2016,27
TARAVAL,07/16/2016,17
INGLESIDE,08/27/2016,20
RICHMOND,10/02/2016,21
PARK,02/01/2016,24
TENDERLOIN,12/03/2016,20
INGLESIDE,04/06/2016,27
INGLESIDE,08/12/2016,31
INGLESIDE,06/03/2016,23
PARK,08/08/2016,24
CENTRAL,01/22/2016,62
SOUTHERN,08/06/2016,91
BAYVIEW,11/03/2016,55
,01/17/2016,1
PARK,09/07/2016,26
CENTRAL,06/29/2016,40
TARAVAL,05/05/2016,29
SOUTHERN,02/21/2016,65
BAYVIEW,07/24/2016,40
PARK,08/01/2016,33
TARAVAL,06/24/2016,29
PARK,12/05/2016,23
MISSION,08/03/2016,41
BAYVIEW,03/29/2016,51
BAYVIEW,02/11/2016,34
CENTRAL,02/19/2016,52
BAYVIEW,12/05/2016,52
MISSION,04/07/2016,39
TARAVAL,04/12/2016,36
PARK,03/29/2016,21
PARK,02/11/2016,22
RICHMOND,04/18/2016,27
INGLESIDE,09/16/2016,26
CENTRAL,12/15/2016,46
PARK,07/24/2016,20
BAYVIEW,08/01/2016,35
MISSION,09/17/2016,66
SOUTHERN,09/14/2016,66
INGLESIDE,02/02/2016,33
TARAVAL,02/11/2016,35
PARK,04/12/2016,18
TARAVAL,03/29/2016,36
NORTHERN,05/21/2016,51
BAYVIEW,06/24/2016,40
NORTHERN,11/04/2016,54
TENDERLOIN,04/09/2016,32
NORTHERN,03/16/2016,45
TARAVAL,07/24/2016,24
CENTRAL,12/12/2016,47
INGLESIDE,03/02/2016,34
BAYVIEW,05/05/2016,51
RICHMOND,11/23/2016,20
TENDERLOIN,07/14/2016,26
SOUTHERN,06/27/2016,59
TARAVAL,08/01/2016,32
MISSION,10/24/2016,64
NORTHERN,02/26/2016,49
RICHMOND,01/14/2016,19
NORTHERN,07/22/2016,56
PARK,05/05/2016,21
MISSION,06/17/2016,45
TENDERLOIN,06/01/2016,32
MISSION,12/17/2016,62
BAYVIEW,04/12/2016,42
INGLESIDE,12/28/2016,26
SOUTHERN,10/10/2016,75
TARAVAL,12/05/2016,37
PARK,06/24/2016,15
TARAVAL,08/08/2016,17
NORTHERN,07/18/2016,47
NORTHERN,08/17/2016,51
TARAVAL,02/01/2016,33
PARK,07/16/2016,29
SOUTHERN,04/10/2016,66
BAYVIEW,07/17/2016,23
TARAVAL,09/07/2016,24
NORTHERN,12/19/2016,67
PARK,07/17/2016,22
NORTHERN,02/25/2016,47
RICHMOND,10/26/2016,25
TENDERLOIN,11/22/2016,29
TARAVAL,11/03/2016,40
INGLESIDE,01/25/2016,34
MISSION,11/17/2016,77
CENTRAL,11/30/2016,44
MISSION,08/21/2016,50
TENDERLOIN,10/18/2016,38
SOUTHERN,07/01/2016,109
INGLESIDE,01/18/2016,32
INGLESIDE,08/02/2016,19
BAYVIEW,07/16/2016,33
CENTRAL,09/27/2016,54
NORTHERN,10/01/2016,60
RICHMOND,03/08/2016,23
CENTRAL,05/22/2016,24
INGLESIDE,12/07/2016,35
BAYVIEW,12/27/2016,52
INGLESIDE,09/08/2016,35
BAYVIEW,10/09/2016,49
RICHMOND,06/06/2016,19
MISSION,08/19/2016,51
RICHMOND,12/13/2016,18
TENDERLOIN,03/05/2016,20
MISSION,05/09/2016,46
RICHMOND,09/06/2016,12
MISSION,01/05/2016,47
TARAVAL,05/02/2016,25
INGLESIDE,02/14/2016,33
MISSION,09/13/2016,75
TARAVAL,04/04/2016,32
RICHMOND,12/04/2016,19
CENTRAL,02/09/2016,47
TARAVAL,03/21/2016,32
CENTRAL,10/03/2016,41
PARK,10/09/2016,18
PARK,12/27/2016,27
SOUTHERN,08/26/2016,69
NORTHERN,11/13/2016,42
TARAVAL,02/28/2016,35
INGLESIDE,06/28/2016,24
SOUTHERN,03/31/2016,120
TARAVAL,12/25/2016,17
RICHMOND,09/25/2016,30
BAYVIEW,10/15/2016,43
MISSION,01/09/2016,39
INGLESIDE,10/19/2016,25
SOUTHERN,03/24/2016,77
TARAVAL,01/16/2016,33
SOUTHERN,08/31/2016,76
SOUTHERN,09/12/2016,79
TARAVAL,03/18/2016,32
PARK,12/26/2016,16
NORTHERN,04/05/2016,55
NORTHERN,12/21/2016,42
MISSION,02/06/2016,51
CENTRAL,09/21/2016,36
CENTRAL,10/22/2016,45
BAYVIEW,12/26/2016,25
TARAVAL,01/13/2016,30
RICHMOND,09/23/2016,29
TENDERLOIN,05/26/2016,23
TENDERLOIN,09/11/2016,22
MISSION,02/16/2016,64
PARK,10/15/2016,19
MISSION,06/25/2016,73
CENTRAL,07/05/2016,40
NORTHERN,05/08/2016,24
CENTRAL,04/11/2016,41
BAYVIEW,05/08/2016,50
SOUTHERN,09/13/2016,79
TENDERLOIN,11/16/2016,29
RICHMOND,01/18/2016,24
INGLESIDE,03/08/2016,38
SOUTHERN,01/05/2016,43
RICHMOND,08/02/2016,18
PARK,04/05/2016,17
PARK,12/21/2016,21
INGLESIDE,10/26/2016,40
NORTHERN,12/26/2016,45
RICHMOND,01/25/2016,30
MISSION,08/26/2016,42
CENTRAL,05/25/2016,53
SOUTHERN,08/19/2016,65
TARAVAL,07/06/2016,28
BAYVIEW,12/21/2016,32
BAYVIEW,04/05/2016,32
TENDERLOIN,10/31/2016,35
TENDERLOIN,08/11/2016,38
TENDERLOIN,02/20/2016,25
TARAVAL,05/17/2016,27
PARK,05/08/2016,13
NORTHERN,10/15/2016,53
SOUTHERN,05/09/2016,60
TENDERLOIN,01/04/2016,30
TARAVAL,02/13/2016,30
BAYVIEW,11/13/2016,31
CENTRAL,02/22/2016,43
RICHMOND,12/28/2016,21
TENDERLOIN,03/23/2016,22
SOUTHERN,02/16/2016,80
SOUTHERN,06/25/2016,117
INGLESIDE,01/14/2016,28
TENDERLOIN,08/24/2016,11
SOUTHERN,01/09/2016,85
TARAVAL,08/04/2016,25
TARAVAL,06/08/2016,30
MISSION,03/31/2016,48
TARAVAL,03/04/2016,32
TARAVAL,11/08/2016,44
RICHMOND,03/02/2016,30
INGLESIDE,11/23/2016,35
RICHMOND,02/02/2016,26
CENTRAL,05/19/2016,25
SOUTHERN,02/06/2016,116
PARK,11/13/2016,22
CENTRAL,09/18/2016,29
CENTRAL,04/15/2016,46
MISSION,09/12/2016,54
NORTHERN,12/27/2016,55
NORTHERN,10/09/2016,55
MISSION,03/24/2016,32
MISSION,08/31/2016,64
NORTHERN,07/16/2016,49
SOUTHERN,06/17/2016,76
INGLESIDE,09/23/2016,36
BAYVIEW,10/01/2016,40
PARK,08/17/2016,24
TENDERLOIN,02/04/2016,36
TENDERLOIN,12/02/2016,36
CENTRAL,11/07/2016,36
PARK,07/18/2016,25
MISSION,06/27/2016,33
SOUTHERN,10/24/2016,80
PARK,12/19/2016,24
MISSION,10/10/2016,80
TENDERLOIN,01/02/2016,24
SOUTHERN,12/17/2016,94
BAYVIEW,02/25/2016,44
BAYVIEW,12/19/2016,28
TARAVAL,11/06/2016,33
CENTRAL,07/04/2016,64
PARK,02/25/2016,35
NORTHERN,07/17/2016,44
PARK,10/01/2016,29
TARAVAL,05/03/2016,16
BAYVIEW,08/17/2016,34
BAYVIEW,07/18/2016,32
INGLESIDE,09/25/2016,27
RICHMOND,10/19/2016,25
SOUTHERN,08/21/2016,75
PARK,05/21/2016,17
MISSION,07/01/2016,66
NORTHERN,04/12/2016,48
SOUTHERN,11/17/2016,76
RICHMOND,06/28/2016,19
TENDERLOIN,03/27/2016,29
PARK,03/16/2016,14
BAYVIEW,07/22/2016,41
RICHMOND,02/14/2016,13
BAYVIEW,02/26/2016,40
CENTRAL,10/05/2016,25
PARK,11/04/2016,24
INGLESIDE,12/04/2016,23
NORTHERN,05/05/2016,48
BAYVIEW,03/16/2016,45
PARK,07/22/2016,19
PARK,02/26/2016,24
INGLESIDE,09/06/2016,37
CENTRAL,04/17/2016,45
BAYVIEW,11/04/2016,56
RICHMOND,09/08/2016,25
NORTHERN,06/24/2016,61
RICHMOND,12/07/2016,28
INGLESIDE,06/06/2016,30
BAYVIEW,05/21/2016,32
TENDERLOIN,10/14/2016,19
MISSION,04/10/2016,43
INGLESIDE,12/13/2016,26
PARK,12/28/2016,20
SOUTHERN,08/10/2016,78
NORTHERN,06/06/2016,40
TENDERLOIN,11/11/2016,20
INGLESIDE,06/24/2016,36
BAYVIEW,02/02/2016,36
NORTHERN,12/13/2016,64
SOUTHERN,01/29/2016,118
BAYVIEW,03/02/2016,36
INGLESIDE,05/05/2016,42
CENTRAL,08/25/2016,43
CENTRAL,09/24/2016,55
NORTHERN,09/06/2016,51
CENTRAL,08/07/2016,46
TENDERLOIN,06/13/2016,26
CENTRAL,11/12/2016,62
CENTRAL,01/17/2016,51
TENDERLOIN,06/15/2016,30
TARAVAL,09/16/2016,33
PARK,03/02/2016,26
MISSION,09/19/2016,45
CENTRAL,03/20/2016,43
NORTHERN,12/04/2016,61
SOUTHERN,04/25/2016,82
BAYVIEW,12/28/2016,43
TENDERLOIN,02/18/2016,19
PARK,02/02/2016,26
RICHMOND,11/13/2016,26
INGLESIDE,04/12/2016,41
SOUTHERN,11/02/2016,59
PARK,08/02/2016,20
MISSION,04/27/2016,47
MISSION,04/19/2016,50
SOUTHERN,04/28/2016,113
PARK,01/18/2016,26
NORTHERN,09/25/2016,62
RICHMOND,04/05/2016,22
RICHMOND,12/21/2016,21
INGLESIDE,07/17/2016,15
TENDERLOIN,05/15/2016,36
TARAVAL,05/18/2016,33
PARK,01/25/2016,19
SOUTHERN,06/02/2016,92
CENTRAL,10/12/2016,37
SOUTHERN,05/20/2016,88
BAYVIEW,01/25/2016,47
SOUTHERN,04/29/2016,89
TARAVAL,08/27/2016,29
MISSION,09/04/2016,72
BAYVIEW,08/02/2016,31
INGLESIDE,07/16/2016,40
NORTHERN,09/23/2016,67
RICHMOND,05/08/2016,15
TARAVAL,06/03/2016,24
TARAVAL,04/06/2016,31
TARAVAL,08/12/2016,31
BAYVIEW,01/18/2016,38
SOUTHERN,03/25/2016,72
CENTRAL,10/20/2016,55
PARK,06/28/2016,33
MISSION,06/22/2016,58
CENTRAL,05/07/2016,57
BAYVIEW,12/07/2016,29
INGLESIDE,12/27/2016,29
CENTRAL,11/25/2016,64
BAYVIEW,09/08/2016,45
MISSION,12/20/2016,76
INGLESIDE,10/09/2016,32
RICHMOND,05/21/2016,26
TARAVAL,08/18/2016,35
TARAVAL,02/05/2016,44
CENTRAL,06/11/2016,50
PARK,02/14/2016,17
SOUTHERN,06/20/2016,80
MISSION,04/20/2016,64
RICHMOND,11/04/2016,36
NORTHERN,11/23/2016,65
TENDERLOIN,08/30/2016,28
CENTRAL,04/24/2016,45
RICHMOND,03/16/2016,34
RICHMOND,02/26/2016,22
BAYVIEW,02/14/2016,28
TENDERLOIN,02/24/2016,24
TARAVAL,01/27/2016,45
NORTHERN,01/14/2016,44
RICHMOND,07/22/2016,25
MISSION,11/27/2016,55
BAYVIEW,06/28/2016,45
SOUTHERN,03/10/2016,52
PARK,09/08/2016,17
PARK,12/07/2016,23
CENTRAL,07/13/2016,47
SOUTHERN,10/21/2016,88
RICHMOND,07/18/2016,20
INGLESIDE,10/15/2016,36
CENTRAL,06/21/2016,52
TENDERLOIN,03/28/2016,34
CENTRAL,05/10/2016,53
BAYVIEW,10/19/2016,35
SOUTHERN,05/11/2016,59
SOUTHERN,07/07/2016,89
SOUTHERN,07/10/2016,78
RICHMOND,08/17/2016,21
MISSION,07/19/2016,50
TENDERLOIN,12/24/2016,23
SOUTHERN,10/06/2016,81
RICHMOND,12/19/2016,17
TARAVAL,05/24/2016,27
NORTHERN,10/26/2016,74
RICHMOND,02/25/2016,36
INGLESIDE,12/26/2016,26
CENTRAL,01/10/2016,38
MISSION,06/05/2016,38
PARK,10/19/2016,30
MISSION,03/17/2016,43
RICHMOND,10/01/2016,54
NORTHERN,03/08/2016,46
TARAVAL,06/10/2016,21
TARAVAL,10/02/2016,29
CENTRAL,01/26/2016,38
BAYVIEW,03/08/2016,29
RICHMOND,07/16/2016,23
INGLESIDE,05/08/2016,30
MISSION,10/21/2016,59
BAYVIEW,10/26/2016,34
MISSION,03/10/2016,41
SOUTHERN,11/27/2016,76
SOUTHERN,12/20/2016,72
RICHMOND,07/17/2016,12
SOUTHERN,06/22/2016,90
INGLESIDE,04/05/2016,37
INGLESIDE,12/21/2016,32
PARK,10/26/2016,29
TARAVAL,05/06/2016,26
PARK,03/08/2016,14
MISSION,06/20/2016,41
SOUTHERN,04/20/2016,85
NORTHERN,10/19/2016,42
NORTHERN,06/28/2016,66
RICHMOND,04/12/2016,33
INGLESIDE,11/13/2016,14
BAYVIEW,01/14/2016,44
TARAVAL,04/18/2016,31
PARK,11/23/2016,18
CENTRAL,12/11/2016,51
SOUTHERN,03/17/2016,59
TENDERLOIN,07/26/2016,22
NORTHERN,02/14/2016,47
SOUTHERN,06/05/2016,58
MISSION,07/10/2016,44
PARK,01/14/2016,29
SOUTHERN,07/19/2016,76
RICHMOND,05/05/2016,29
BAYVIEW,11/23/2016,39
MISSION,05/11/2016,53
MISSION,07/07/2016,37
CENTRAL,10/25/2016,49
RICHMOND,06/24/2016,11
NORTHERN,12/07/2016,61
NORTHERN,09/08/2016,52
MISSION,10/06/2016,63
CENTRAL,02/03/2016,57
MISSION,04/25/2016,34
PARK,09/25/2016,19
NORTHERN,01/18/2016,43
TARAVAL,04/30/2016,20
TENDERLOIN,10/23/2016,15
TARAVAL,10/04/2016,27
NORTHERN,08/02/2016,49
SOUTHERN,09/19/2016,66
BAYVIEW,09/23/2016,40
CENTRAL,07/02/2016,48
INGLESIDE,10/01/2016,40
CENTRAL,01/03/2016,45
NORTHERN,01/25/2016,45
RICHMOND,12/26/2016,27
INGLESIDE,02/25/2016,24
TARAVAL,04/16/2016,33
INGLESIDE,12/19/2016,41
MISSION,08/10/2016,51
RICHMOND,10/15/2016,19
INGLESIDE,07/18/2016,31
BAYVIEW,09/25/2016,35
TARAVAL,03/09/2016,24
PARK,09/23/2016,29
CENTRAL,11/10/2016,29
INGLESIDE,08/17/2016,26
TARAVAL,02/29/2016,37
MISSION,01/29/2016,51
PARK,12/13/2016,18
MISSION,05/20/2016,57
CENTRAL,09/02/2016,59
TARAVAL,05/16/2016,34
CENTRAL,07/15/2016,51
PARK,06/06/2016,13
CENTRAL,04/22/2016,44
MISSION,06/02/2016,44
NORTHERN,12/28/2016,43
MISSION,03/25/2016,63
INGLESIDE,02/26/2016,34
TARAVAL,07/08/2016,42
PARK,09/06/2016,27
BAYVIEW,12/04/2016,34
MISSION,04/29/2016,42
SOUTHERN,09/04/2016,67
INGLESIDE,07/22/2016,33
SOUTHERN,04/19/2016,100
MISSION,04/28/2016,65
BAYVIEW,09/06/2016,38
INGLESIDE,11/04/2016,37
PARK,12/04/2016,8
SOUTHERN,04/27/2016,67
CENTRAL,07/27/2016,67
CENTRAL,02/07/2016,49
NORTHERN,03/02/2016,42
INGLESIDE,03/16/2016,37
MISSION,11/02/2016,87
CENTRAL,01/30/2016,57
BAYVIEW,12/13/2016,39
NORTHERN,02/02/2016,52
TENDERLOIN,10/11/2016,19
RICHMOND,10/09/2016,17
RICHMOND,12/27/2016,27
TARAVAL,06/30/2016,30
CENTRAL,10/08/2016,65
BAYVIEW,06/06/2016,41
INGLESIDE,05/21/2016,27
NORTHERN,09/16/2016,57
SOUTHERN,09/30/2016,84
TENDERLOIN,08/15/2016,30
RICHMOND,04/04/2016,31
TARAVAL,12/04/2016,25
BAYVIEW,07/08/2016,28
RICHMOND,05/02/2016,16
PARK,06/30/2016,17
RICHMOND,03/21/2016,28
BAYVIEW,05/16/2016,44
SOUTHERN,11/05/2016,91
RICHMOND,02/28/2016,29
TARAVAL,06/06/2016,18
BAYVIEW,06/30/2016,46
CENTRAL,10/28/2016,65
PARK,05/16/2016,22
CENTRAL,08/23/2016,57
TARAVAL,12/13/2016,41
TENDERLOIN,05/23/2016,30
PARK,07/08/2016,9
TARAVAL,09/06/2016,33
CENTRAL,08/05/2016,59
SOUTHERN,12/29/2016,79
BAYVIEW,04/16/2016,43
SOUTHERN,03/01/2016,78
CENTRAL,11/29/2016,38
SOUTHERN,08/09/2016,60
RICHMOND,01/13/2016,28
SOUTHERN,02/17/2016,61
SOUTHERN,07/11/2016,75
NORTHERN,08/27/2016,42
TENDERLOIN,07/23/2016,29
SOUTHERN,07/31/2016,77
PARK,02/29/2016,19
TARAVAL,09/23/2016,43
MISSION,03/03/2016,42
SOUTHERN,02/23/2016,62
BAYVIEW,10/04/2016,35
PARK,03/09/2016,34
NORTHERN,08/12/2016,57
NORTHERN,04/06/2016,72
NORTHERN,06/03/2016,46
BAYVIEW,04/30/2016,40
MISSION,12/30/2016,69
TENDERLOIN,07/29/2016,25
BAYVIEW,02/29/2016,50
RICHMOND,12/25/2016,10
CENTRAL,01/24/2016,52
INGLESIDE,05/03/2016,24
MISSION,05/31/2016,62
PARK,10/04/2016,29
BAYVIEW,03/09/2016,39
TARAVAL,09/25/2016,36
TENDERLOIN,09/26/2016,15
PARK,04/30/2016,29
PARK,04/16/2016,37
MISSION,09/05/2016,55
INGLESIDE,11/06/2016,27
RICHMOND,01/16/2016,27
NORTHERN,05/18/2016,44
RICHMOND,03/18/2016,31
TENDERLOIN,03/15/2016,38
SOUTHERN,12/14/2016,99
RICHMOND,08/01/2016,37
SOUTHERN,06/04/2016,70
CENTRAL,08/28/2016,46
NORTHERN,01/27/2016,52
CENTRAL,08/14/2016,30
BAYVIEW,04/18/2016,22
SOUTHERN,09/01/2016,63
MISSION,09/10/2016,57
TARAVAL,01/14/2016,26
TENDERLOIN,08/20/2016,29
MISSION,04/26/2016,73
INGLESIDE,02/13/2016,38
MISSION,04/21/2016,49
RICHMOND,12/05/2016,23
RICHMOND,03/29/2016,22
RICHMOND,02/11/2016,24
NORTHERN,02/05/2016,65
TENDERLOIN,04/03/2016,36
NORTHERN,08/18/2016,65
INGLESIDE,06/08/2016,20
INGLESIDE,08/04/2016,21
TENDERLOIN,09/09/2016,18
PARK,04/18/2016,22
TARAVAL,11/23/2016,28
INGLESIDE,11/08/2016,30
MISSION,03/26/2016,74
INGLESIDE,03/04/2016,37
RICHMOND,07/24/2016,26
RICHMOND,11/03/2016,31
CENTRAL,05/28/2016,54
TARAVAL,10/26/2016,28
TENDERLOIN,01/31/2016,14
MISSION,06/18/2016,34
CENTRAL,11/09/2016,50
SOUTHERN,10/13/2016,126
TENDERLOIN,12/09/2016,29
TENDERLOIN,05/13/2016,36
CENTRAL,06/16/2016,47
TARAVAL,03/08/2016,25
PARK,05/06/2016,22
NORTHERN,06/10/2016,45
MISSION,12/31/2016,70
BAYVIEW,10/02/2016,34
CENTRAL,10/17/2016,58
SOUTHERN,06/23/2016,74
SOUTHERN,11/24/2016,63
RICHMOND,08/08/2016,27
TENDERLOIN,10/16/2016,35
TENDERLOIN,11/20/2016,26
BAYVIEW,05/06/2016,32
SOUTHERN,03/14/2016,67
PARK,10/02/2016,9
RICHMOND,02/01/2016,23
MISSION,08/22/2016,64
CENTRAL,09/28/2016,43
SOUTHERN,06/14/2016,67
TENDERLOIN,09/20/2016,24
INGLESIDE,07/06/2016,28
RICHMOND,09/07/2016,23
INGLESIDE,05/17/2016,40
NORTHERN,05/24/2016,70
MISSION,02/12/2016,41
MISSION,03/06/2016,33
BAYVIEW,05/24/2016,42
RICHMOND,11/06/2016,19
TENDERLOIN,07/30/2016,18
INGLESIDE,01/16/2016,48
CENTRAL,04/08/2016,32
INGLESIDE,03/18/2016,33
SOUTHERN,03/26/2016,96
INGLESIDE,12/25/2016,15
PARK,06/10/2016,32
NORTHERN,05/06/2016,51
CENTRAL,08/29/2016,39
RICHMOND,05/03/2016,28
TARAVAL,10/19/2016,45
MISSION,09/01/2016,41
NORTHERN,10/02/2016,52
TENDERLOIN,04/02/2016,34
BAYVIEW,06/10/2016,46
SOUTHERN,09/10/2016,74
SOUTHERN,04/26/2016,58
MISSION,06/04/2016,36
CENTRAL,11/15/2016,44
MISSION,12/14/2016,81
PARK,05/24/2016,27
SOUTHERN,04/21/2016,77
INGLESIDE,01/13/2016,41
MISSION,03/14/2016,38
PARK,01/27/2016,29
CENTRAL,04/14/2016,35
BAYVIEW,02/05/2016,42
MISSION,11/24/2016,43
BAYVIEW,08/18/2016,31
SOUTHERN,02/12/2016,73
SOUTHERN,03/06/2016,58
CENTRAL,03/30/2016,43
TARAVAL,09/08/2016,30
TARAVAL,12/07/2016,33
TENDERLOIN,12/06/2016,17
SOUTHERN,08/22/2016,79
MISSION,06/14/2016,37
INGLESIDE,03/21/2016,34
TARAVAL,06/28/2016,37
INGLESIDE,02/28/2016,19
TENDERLOIN,09/15/2016,28
SOUTHERN,12/31/2016,124
MISSION,06/23/2016,48
BAYVIEW,01/27/2016,41
NORTHERN,04/18/2016,57
INGLESIDE,04/04/2016,35
SOUTHERN,06/18/2016,71
PARK,08/18/2016,21
TARAVAL,02/14/2016,25
PARK,02/05/2016,30
MISSION,10/13/2016,50
INGLESIDE,05/02/2016,40
BAYVIEW,05/18/2016,45
INGLESIDE,09/07/2016,27
RICHMOND,07/06/2016,31
RICHMOND,05/17/2016,23
MISSION,12/29/2016,55
CENTRAL,01/06/2016,53
PARK,06/03/2016,22
INGLESIDE,08/08/2016,21
PARK,04/06/2016,24
CENTRAL,01/01/2016,85
NORTHERN,03/09/2016,49
PARK,08/12/2016,27
CENTRAL,10/29/2016,52
CENTRAL,05/14/2016,46
INGLESIDE,02/01/2016,46
NORTHERN,02/29/2016,40
PARK,08/27/2016,20
NORTHERN,04/30/2016,49
TARAVAL,01/18/2016,31
BAYVIEW,04/06/2016,40
BAYVIEW,08/12/2016,31
NORTHERN,10/04/2016,48
BAYVIEW,06/03/2016,32
TARAVAL,08/02/2016,35
BAYVIEW,08/27/2016,44
MISSION,09/30/2016,63
TARAVAL,01/25/2016,24
INGLESIDE,11/03/2016,35
PARK,05/18/2016,28
CENTRAL,03/22/2016,28
MISSION,11/05/2016,56
NORTHERN,04/16/2016,53
RICHMOND,08/04/2016,18
RICHMOND,06/08/2016,26
RICHMOND,11/08/2016,27
TARAVAL,03/02/2016,40
SOUTHERN,05/31/2016,53
INGLESIDE,07/24/2016,31
PARK,09/16/2016,29
RICHMOND,03/04/2016,29
INGLESIDE,03/29/2016,41
TARAVAL,02/02/2016,36
INGLESIDE,02/11/2016,29
TENDERLOIN,08/16/2016,25
SOUTHERN,09/05/2016,53
NORTHERN,06/30/2016,58
CENTRAL,01/11/2016,46
MISSION,02/17/2016,43
RICHMOND,02/13/2016,26
MISSION,07/11/2016,62
MISSION,03/01/2016,45
MISSION,08/09/2016,59
INGLESIDE,12/05/2016,27
NORTHERN,05/16/2016,57
TARAVAL,12/28/2016,14
TENDERLOIN,01/20/2016,16
SOUTHERN,12/30/2016,79
INGLESIDE,08/01/2016,36
NORTHERN,07/08/2016,51
CENTRAL,11/01/2016,49
CENTRAL,06/19/2016,59
SOUTHERN,03/03/2016,61
MISSION,02/23/2016,39
BAYVIEW,09/16/2016,39
MISSION,07/31/2016,41
RICHMOND,12/15/2016,27
BAYVIEW,08/14/2016,42
CENTRAL,04/18/2016,49
TARAVAL,12/11/2016,47
BAYVIEW,08/28/2016,34
TENDERLOIN,09/04/2016,23
TENDERLOIN,04/19/2016,33
PARK,08/14/2016,25
RICHMOND,06/29/2016,13
TENDERLOIN,04/27/2016,27
NORTHERN,04/14/2016,33
PARK,08/28/2016,19
TARAVAL,10/25/2016,40
INGLESIDE,02/15/2016,33
SOUTHERN,10/11/2016,65
MISSION,05/15/2016,40
NORTHERN,03/30/2016,59
INGLESIDE,03/07/2016,22
RICHMOND,02/19/2016,34
TARAVAL,02/03/2016,34
INGLESIDE,12/16/2016,26
CENTRAL,10/02/2016,39
BAYVIEW,10/17/2016,43
SOUTHERN,10/23/2016,69
TARAVAL,01/26/2016,36
NORTHERN,11/15/2016,76
TENDERLOIN,09/19/2016,23
BAYVIEW,06/16/2016,58
MISSION,06/15/2016,48
BAYVIEW,11/09/2016,41
RICHMOND,01/22/2016,23
MISSION,02/18/2016,50
BAYVIEW,05/28/2016,34
PARK,09/28/2016,26
MISSION,11/11/2016,64
PARK,05/28/2016,20
NORTHERN,04/08/2016,71
BAYVIEW,09/28/2016,35
PARK,10/17/2016,12
CENTRAL,05/06/2016,53
NORTHERN,08/29/2016,48
MISSION,06/13/2016,46
RICHMOND,07/25/2016,22
PARK,06/16/2016,21
RICHMOND,07/20/2016,22
PARK,11/09/2016,23
NORTHERN,01/11/2016,53
PARK,08/23/2016,37
TARAVAL,09/02/2016,43
CENTRAL,05/16/2016,59
TARAVAL,07/15/2016,30
PARK,10/28/2016,24
INGLESIDE,11/14/2016,37
INGLESIDE,01/23/2016,40
TARAVAL,04/22/2016,20
PARK,08/05/2016,29
CENTRAL,07/08/2016,32
NORTHERN,11/01/2016,50
TENDERLOIN,03/17/2016,23
NORTHERN,06/19/2016,49
TENDERLOIN,06/05/2016,26
SOUTHERN,07/26/2016,69
TENDERLOIN,07/19/2016,40
BAYVIEW,08/05/2016,47
TARAVAL,07/27/2016,22
MISSION,03/28/2016,53
TARAVAL,02/07/2016,33
RICHMOND,06/26/2016,19
BAYVIEW,08/23/2016,35
TARAVAL,01/30/2016,24
MISSION,12/24/2016,40
BAYVIEW,10/28/2016,57
CENTRAL,06/30/2016,40
TARAVAL,10/08/2016,46
CENTRAL,04/30/2016,68
RICHMOND,01/12/2016,22
INGLESIDE,05/29/2016,28
CENTRAL,10/04/2016,42
TARAVAL,07/02/2016,24
MISSION,02/24/2016,52
PARK,01/24/2016,28
TARAVAL,01/03/2016,19
RICHMOND,12/10/2016,30
BAYVIEW,11/29/2016,48
NORTHERN,03/22/2016,63
TENDERLOIN,11/27/2016,26
CENTRAL,04/16/2016,41
INGLESIDE,01/19/2016,32
TENDERLOIN,12/20/2016,33
INGLESIDE,05/12/2016,23
RICHMOND,12/23/2016,29
PARK,11/29/2016,13
TENDERLOIN,06/22/2016,34
RICHMOND,07/03/2016,13
NORTHERN,01/06/2016,48
MISSION,08/30/2016,45
NORTHERN,01/01/2016,78
CENTRAL,03/09/2016,28
NORTHERN,10/29/2016,63
TENDERLOIN,04/20/2016,29
TARAVAL,11/10/2016,30
NORTHERN,05/14/2016,73
RICHMOND,05/30/2016,11
CENTRAL,02/29/2016,45
BAYVIEW,01/24/2016,46
RICHMOND,01/21/2016,34
BAYVIEW,05/14/2016,42
NORTHERN,01/24/2016,44
INGLESIDE,07/25/2016,16
SOUTHERN,03/28/2016,77
INGLESIDE,07/20/2016,23
TENDERLOIN,07/07/2016,30
TENDERLOIN,05/11/2016,28
BAYVIEW,10/29/2016,42
BAYVIEW,01/01/2016,47
TENDERLOIN,07/10/2016,24
BAYVIEW,01/06/2016,31
TENDERLOIN,10/06/2016,32
SOUTHERN,12/24/2016,66
PARK,03/22/2016,24
CENTRAL,05/18/2016,50
TARAVAL,10/12/2016,35
INGLESIDE,01/22/2016,50
NORTHERN,11/29/2016,61
BAYVIEW,03/22/2016,40
CENTRAL,08/27/2016,54
PARK,05/14/2016,19
MISSION,07/26/2016,49
PARK,01/01/2016,31
CENTRAL,08/12/2016,50
PARK,10/29/2016,21
CENTRAL,04/06/2016,35
CENTRAL,06/03/2016,53
TARAVAL,10/20/2016,23
PARK,01/06/2016,20
NORTHERN,10/28/2016,52
NORTHERN,08/23/2016,64
INGLESIDE,02/19/2016,34
RICHMOND,03/07/2016,37
RICHMOND,12/16/2016,27
PARK,01/11/2016,21
INGLESIDE,06/29/2016,21
TARAVAL,08/25/2016,37
PARK,06/19/2016,13
TENDERLOIN,06/20/2016,33
PARK,11/01/2016,38
TARAVAL,08/07/2016,21
SOUTHERN,08/30/2016,74
TARAVAL,09/24/2016,32
NORTHERN,08/05/2016,77
RICHMOND,02/15/2016,14
SOUTHERN,02/24/2016,80
TARAVAL,01/17/2016,28
INGLESIDE,12/15/2016,33
CENTRAL,09/16/2016,66
TARAVAL,11/12/2016,40
BAYVIEW,06/19/2016,23
TARAVAL,03/20/2016,21
BAYVIEW,11/01/2016,37
TENDERLOIN,03/10/2016,33
TENDERLOIN,10/21/2016,16
BAYVIEW,01/11/2016,30
TENDERLOIN,11/02/2016,16
TARAVAL,05/10/2016,25
TARAVAL,06/21/2016,47
PARK,11/15/2016,23
BAYVIEW,08/29/2016,50
INGLESIDE,01/21/2016,46
TENDERLOIN,04/28/2016,22
INGLESIDE,05/30/2016,37
BAYVIEW,04/08/2016,43
NORTHERN,09/28/2016,58
RICHMOND,01/19/2016,31
INGLESIDE,12/23/2016,32
RICHMOND,05/12/2016,28
MISSION,10/11/2016,55
SOUTHERN,05/15/2016,86
INGLESIDE,07/03/2016,27
CENTRAL,05/24/2016,50
TENDERLOIN,06/02/2016,15
PARK,04/08/2016,15
NORTHERN,05/28/2016,59
TENDERLOIN,05/20/2016,45
INGLESIDE,12/10/2016,27
TARAVAL,01/10/2016,34
INGLESIDE,01/12/2016,34
NORTHERN,11/09/2016,43
TENDERLOIN,04/29/2016,37
BAYVIEW,11/15/2016,45
RICHMOND,05/29/2016,34
NORTHERN,06/16/2016,40
PARK,08/29/2016,17
CENTRAL,06/10/2016,56
NORTHERN,10/17/2016,56
TENDERLOIN,03/25/2016,33
TENDERLOIN,08/10/2016,28
TARAVAL,05/07/2016,22
SOUTHERN,11/11/2016,87
BAYVIEW,03/30/2016,43
TARAVAL,11/25/2016,37
TENDERLOIN,01/29/2016,47
CENTRAL,02/05/2016,39
TARAVAL,06/11/2016,29
CENTRAL,08/18/2016,53
BAYVIEW,04/14/2016,50
SOUTHERN,06/13/2016,94
INGLESIDE,06/26/2016,25
TARAVAL,04/24/2016,22
SOUTHERN,06/15/2016,88
NORTHERN,08/28/2016,63
PARK,04/14/2016,22
MISSION,10/23/2016,73
CENTRAL,01/27/2016,51
NORTHERN,08/14/2016,58
TENDERLOIN,04/25/2016,29
SOUTHERN,02/18/2016,83
PARK,03/30/2016,35
RICHMOND,11/14/2016,18
RICHMOND,01/23/2016,19
TARAVAL,07/13/2016,16
BAYVIEW,04/24/2016,27
MISSION,09/26/2016,67
TENDERLOIN,05/31/2016,31
RICHMOND,04/17/2016,27
TARAVAL,04/14/2016,30
NORTHERN,10/25/2016,52
BAYVIEW,06/11/2016,37
PARK,07/13/2016,23
MISSION,03/15/2016,48
BAYVIEW,11/25/2016,45
INGLESIDE,05/22/2016,21
CENTRAL,12/07/2016,36
TARAVAL,03/30/2016,30
CENTRAL,09/08/2016,37
BAYVIEW,05/07/2016,33
NORTHERN,02/03/2016,59
TENDERLOIN,09/05/2016,30
SOUTHERN,08/16/2016,80
BAYVIEW,07/13/2016,33
INGLESIDE,10/03/2016,41
PARK,11/25/2016,25
PARK,05/07/2016,20
CENTRAL,06/28/2016,54
MISSION,07/29/2016,52
TENDERLOIN,12/30/2016,14
SOUTHERN,01/20/2016,85
PARK,04/24/2016,24
NORTHERN,12/11/2016,68
TENDERLOIN,03/03/2016,29
INGLESIDE,02/09/2016,54
RICHMOND,10/05/2016,29
CENTRAL,02/14/2016,38
PARK,06/11/2016,17
MISSION,07/23/2016,61
MISSION,05/23/2016,68
RICHMOND,07/04/2016,15
PARK,01/10/2016,26
TARAVAL,04/08/2016,39
TARAVAL,08/29/2016,36
BAYVIEW,06/21/2016,43
CENTRAL,10/19/2016,50
BAYVIEW,05/10/2016,40
NORTHERN,01/26/2016,50
MISSION,08/15/2016,50
PARK,05/10/2016,24
PARK,06/21/2016,25
TARAVAL,11/15/2016,33
INGLESIDE,07/05/2016,34
RICHMOND,11/07/2016,24
BAYVIEW,01/10/2016,53
INGLESIDE,09/21/2016,23
INGLESIDE,10/22/2016,23
MISSION,11/20/2016,69
BAYVIEW,09/24/2016,30
NORTHERN,07/27/2016,53
MISSION,10/16/2016,51
BAYVIEW,08/07/2016,36
INGLESIDE,12/12/2016,32
PARK,03/20/2016,11
NORTHERN,02/07/2016,71
BAYVIEW,08/25/2016,42
CENTRAL,03/02/2016,54
PARK,01/17/2016,26
PARK,11/12/2016,23
TENDERLOIN,03/06/2016,32
TENDERLOIN,02/12/2016,27
RICHMOND,05/19/2016,20
NORTHERN,01/30/2016,74
CENTRAL,02/02/2016,48
SOUTHERN,12/06/2016,82
MISSION,09/20/2016,60
NORTHERN,10/08/2016,69
TENDERLOIN,08/22/2016,22
RICHMOND,04/15/2016,21
RICHMOND,09/18/2016,19
RICHMOND,02/22/2016,27
TARAVAL,01/11/2016,49
MISSION,01/31/2016,40
NORTHERN,09/02/2016,43
NORTHERN,07/15/2016,55
NORTHERN,04/22/2016,60
CENTRAL,12/28/2016,70
SOUTHERN,09/15/2016,80
TENDERLOIN,12/31/2016,36
TARAVAL,11/01/2016,64
PARK,08/07/2016,20
PARK,09/24/2016,20
PARK,08/25/2016,27
MISSION,05/13/2016,74
BAYVIEW,03/20/2016,46
TARAVAL,06/19/2016,25
MISSION,12/09/2016,40
BAYVIEW,11/12/2016,40
TENDERLOIN,06/18/2016,26
BAYVIEW,01/17/2016,32
SOUTHERN,07/30/2016,73
PARK,10/12/2016,37
TARAVAL,01/06/2016,36
PARK,10/20/2016,45
TENDERLOIN,03/26/2016,26
TARAVAL,01/01/2016,40
TARAVAL,10/29/2016,42
MISSION,09/09/2016,80
NORTHERN,11/10/2016,75
MISSION,04/03/2016,38
TARAVAL,05/14/2016,27
TENDERLOIN,04/26/2016,24
MISSION,08/20/2016,52
CENTRAL,01/18/2016,45
TENDERLOIN,09/10/2016,26
SOUTHERN,04/02/2016,83
BAYVIEW,10/20/2016,38
RICHMOND,04/11/2016,35
CENTRAL,08/02/2016,46
NORTHERN,07/02/2016,59
INGLESIDE,09/27/2016,31
NORTHERN,01/03/2016,50
CENTRAL,01/25/2016,33
TARAVAL,03/22/2016,41
RICHMOND,05/25/2016,25
TENDERLOIN,04/21/2016,27
INGLESIDE,11/30/2016,30
BAYVIEW,10/12/2016,47
MISSION,09/15/2016,58
NORTHERN,10/12/2016,51
SOUTHERN,01/31/2016,92
RICHMOND,09/21/2016,26
TARAVAL,11/29/2016,38
RICHMOND,10/22/2016,36
TENDERLOIN,10/13/2016,23
BAYVIEW,01/03/2016,29
SOUTHERN,05/13/2016,102
PARK,11/10/2016,35
BAYVIEW,07/02/2016,40
CENTRAL,09/23/2016,52
SOUTHERN,12/09/2016,84
RICHMOND,07/05/2016,19
TENDERLOIN,06/23/2016,28
NORTHERN,10/20/2016,50
INGLESIDE,11/07/2016,24
TENDERLOIN,11/24/2016,19
TARAVAL,01/24/2016,33
PARK,01/03/2016,17
PARK,07/02/2016,28
BAYVIEW,11/10/2016,34
SOUTHERN,10/16/2016,84
TENDERLOIN,03/14/2016,20
SOUTHERN,11/20/2016,102
CENTRAL,09/25/2016,41
TENDERLOIN,06/14/2016,24
INGLESIDE,07/04/2016,37
MISSION,12/06/2016,54
SOUTHERN,09/20/2016,68
NORTHERN,11/12/2016,53
TENDERLOIN,12/14/2016,38
NORTHERN,01/17/2016,56
TENDERLOIN,06/04/2016,20
PARK,02/07/2016,35
NORTHERN,03/20/2016,58
INGLESIDE,10/05/2016,40
PARK,07/27/2016,21
RICHMOND,02/09/2016,15
CENTRAL,12/04/2016,60
SOUTHERN,08/20/2016,73
MISSION,04/02/2016,48
TENDERLOIN,09/01/2016,29
BAYVIEW,04/22/2016,45
PARK,10/08/2016,28
BAYVIEW,07/15/2016,36
BAYVIEW,09/02/2016,55
RICHMOND,10/03/2016,19
PARK,01/30/2016,29
BAYVIEW,10/08/2016,44
TARAVAL,10/28/2016,29
PARK,04/22/2016,22
CENTRAL,06/06/2016,40
RICHMOND,05/22/2016,25
PARK,07/15/2016,24
PARK,09/02/2016,28
BAYVIEW,01/30/2016,39
TARAVAL,08/23/2016,20
CENTRAL,12/13/2016,52
MISSION,07/30/2016,61
SOUTHERN,04/03/2016,73
BAYVIEW,02/07/2016,36
NORTHERN,08/25/2016,88
NORTHERN,09/24/2016,62
INGLESIDE,04/17/2016,26
CENTRAL,09/06/2016,53
NORTHERN,08/07/2016,44
SOUTHERN,09/09/2016,85
BAYVIEW,07/27/2016,38
TARAVAL,08/05/2016,28
TARAVAL,05/28/2016,26
CENTRAL,10/26/2016,39
NORTHERN,01/10/2016,70
TENDERLOIN,08/09/2016,31
INGLESIDE,05/25/2016,12
TENDERLOIN,03/01/2016,16
TENDERLOIN,07/11/2016,31
RICHMOND,11/30/2016,26
TENDERLOIN,02/17/2016,33
TARAVAL,11/09/2016,30
TENDERLOIN,07/31/2016,28
SOUTHERN,07/23/2016,57
TENDERLOIN,02/23/2016,42
TARAVAL,06/16/2016,26
INGLESIDE,04/11/2016,52
RICHMOND,09/27/2016,23
CENTRAL,03/08/2016,46
BAYVIEW,01/26/2016,39
SOUTHERN,07/29/2016,79
TARAVAL,10/17/2016,24
MISSION,01/20/2016,42
NORTHERN,06/21/2016,64
NORTHERN,05/10/2016,45
PARK,01/26/2016,30
SOUTHERN,09/26/2016,76
TARAVAL,09/28/2016,32
MISSION,08/16/2016,42
SOUTHERN,03/15/2016,74
TENDERLOIN,09/30/2016,21
PARK,10/25/2016,34
TARAVAL,08/28/2016,19
SOUTHERN,08/15/2016,63
BAYVIEW,12/11/2016,32
TARAVAL,08/14/2016,33
CENTRAL,01/14/2016,42
INGLESIDE,02/22/2016,30
PARK,02/03/2016,27
TENDERLOIN,11/05/2016,20
NORTHERN,07/13/2016,42
BAYVIEW,02/03/2016,28
NORTHERN,05/07/2016,50
INGLESIDE,05/19/2016,30
NORTHERN,11/25/2016,61
SOUTHERN,05/23/2016,87
INGLESIDE,04/15/2016,40
INGLESIDE,09/18/2016,37
NORTHERN,06/11/2016,51
BAYVIEW,10/25/2016,32
PARK,12/11/2016,22
CENTRAL,11/23/2016,36
RICHMOND,12/12/2016,24
NORTHERN,04/24/2016,69
TENDERLOIN,12/29/2016,31
PARK,09/12/2016,19
PARK,03/24/2016,12
PARK,08/31/2016,22
SOUTHERN,12/26/2016,68
TENDERLOIN,01/22/2016,17
MISSION,11/13/2016,56
TARAVAL,01/07/2016,40
PARK,03/31/2016,12
RICHMOND,09/19/2016,32
NORTHERN,01/05/2016,49
TARAVAL,01/08/2016,31
CENTRAL,12/03/2016,48
NORTHERN,09/13/2016,41
INGLESIDE,07/10/2016,18
BAYVIEW,03/31/2016,36
NORTHERN,05/09/2016,42
INGLESIDE,07/07/2016,22
TENDERLOIN,07/20/2016,25
INGLESIDE,05/11/2016,26
TENDERLOIN,07/25/2016,27
TARAVAL,06/12/2016,32
TARAVAL,06/09/2016,54
SOUTHERN,10/15/2016,77
BAYVIEW,09/12/2016,42
CENTRAL,03/19/2016,43
BAYVIEW,03/24/2016,29
BAYVIEW,08/31/2016,52
NORTHERN,08/19/2016,43
INGLESIDE,10/06/2016,13
RICHMOND,09/04/2016,24
TARAVAL,11/28/2016,47
MISSION,05/08/2016,40
NORTHERN,02/16/2016,58
NORTHERN,06/25/2016,80
TENDERLOIN,12/15/2016,29
BAYVIEW,08/26/2016,54
INGLESIDE,10/21/2016,32
INGLESIDE,03/10/2016,38
PARK,08/26/2016,19
SOUTHERN,12/27/2016,79
SOUTHERN,10/09/2016,67
TENDERLOIN,02/19/2016,30
TARAVAL,05/04/2016,33
MISSION,04/05/2016,48
MISSION,12/21/2016,63
TARAVAL,09/22/2016,41
NORTHERN,02/06/2016,61
TARAVAL,03/11/2016,25
NORTHERN,01/09/2016,54
INGLESIDE,06/20/2016,29
RICHMOND,04/27/2016,32
TENDERLOIN,06/29/2016,29
RICHMOND,04/19/2016,13
RICHMOND,11/27/2016,19
NORTHERN,12/17/2016,60
CENTRAL,05/27/2016,67
PARK,04/10/2016,20
TENDERLOIN,12/10/2016,22
INGLESIDE,05/20/2016,31
TARAVAL,08/06/2016,27
INGLESIDE,06/02/2016,41
BAYVIEW,07/01/2016,48
CENTRAL,02/27/2016,67
INGLESIDE,03/25/2016,23
MISSION,02/26/2016,33
NORTHERN,10/24/2016,49
SOUTHERN,07/16/2016,90
NORTHERN,06/17/2016,54
CENTRAL,07/09/2016,50
INGLESIDE,04/29/2016,28
MISSION,07/22/2016,50
TENDERLOIN,01/12/2016,32
INGLESIDE,04/28/2016,29
TENDERLOIN,05/30/2016,18
TENDERLOIN,01/21/2016,33
RICHMOND,04/20/2016,29
MISSION,11/04/2016,76
CENTRAL,04/13/2016,42
MISSION,03/16/2016,59
INGLESIDE,11/02/2016,43
TENDERLOIN,07/03/2016,25
RICHMOND,06/22/2016,34
BAYVIEW,04/10/2016,32
SOUTHERN,07/17/2016,69
RICHMOND,12/20/2016,25
TENDERLOIN,12/23/2016,28
PARK,07/01/2016,22
MISSION,05/21/2016,48
RICHMOND,06/05/2016,23
INGLESIDE,04/25/2016,27
RICHMOND,03/17/2016,25
TARAVAL,09/14/2016,41
BAYVIEW,06/27/2016,33
MISSION,10/01/2016,58
CENTRAL,12/01/2016,48
CENTRAL,12/22/2016,47
CENTRAL,12/18/2016,67
SOUTHERN,04/12/2016,70
NORTHERN,11/17/2016,67
CENTRAL,10/27/2016,46
MISSION,02/25/2016,42
NORTHERN,08/21/2016,51
BAYVIEW,10/10/2016,50
CENTRAL,07/21/2016,61
MISSION,12/19/2016,44
SOUTHERN,06/24/2016,122
PARK,10/10/2016,17
CENTRAL,04/01/2016,66
INGLESIDE,08/10/2016,29
MISSION,07/18/2016,41
TENDERLOIN,06/26/2016,35
CENTRAL,08/13/2016,64
CENTRAL,10/30/2016,70
PARK,06/27/2016,27
SOUTHERN,05/05/2016,94
RICHMOND,07/19/2016,20
TARAVAL,02/21/2016,35
INGLESIDE,01/29/2016,46
MISSION,08/17/2016,37
TENDERLOIN,02/15/2016,33
SOUTHERN,03/16/2016,74
INGLESIDE,04/27/2016,24
SOUTHERN,11/04/2016,67
RICHMOND,06/20/2016,21
INGLESIDE,04/19/2016,30
TENDERLOIN,12/16/2016,35
PARK,08/21/2016,32
SOUTHERN,05/21/2016,78
TENDERLOIN,03/07/2016,25
CENTRAL,04/23/2016,56
MISSION,07/17/2016,48
PARK,11/17/2016,15
BAYVIEW,08/21/2016,39
RICHMOND,10/21/2016,28
NORTHERN,10/10/2016,81
RICHMOND,03/10/2016,23
CENTRAL,06/07/2016,36
BAYVIEW,11/17/2016,42
INGLESIDE,09/04/2016,36
SOUTHERN,07/22/2016,82
CENTRAL,10/07/2016,54
MISSION,07/16/2016,45
NORTHERN,06/27/2016,45
SOUTHERN,02/26/2016,70
TARAVAL,08/03/2016,26
SOUTHERN,12/19/2016,103
MISSION,06/24/2016,52
NORTHERN,04/10/2016,34
RICHMOND,10/06/2016,22
PARK,12/17/2016,17
RICHMOND,07/10/2016,16
SOUTHERN,08/17/2016,84
RICHMOND,05/11/2016,40
RICHMOND,07/07/2016,13
PARK,06/17/2016,24
MISSION,05/05/2016,67
PARK,10/24/2016,19
SOUTHERN,07/18/2016,87
BAYVIEW,06/17/2016,35
CENTRAL,12/08/2016,38
SOUTHERN,10/01/2016,80
INGLESIDE,09/19/2016,38
TARAVAL,09/17/2016,18
BAYVIEW,10/24/2016,44
TARAVAL,04/07/2016,37
CENTRAL,09/03/2016,43
NORTHERN,07/01/2016,66
CENTRAL,11/18/2016,67
SOUTHERN,02/25/2016,77
MISSION,04/12/2016,53
BAYVIEW,12/17/2016,37
TARAVAL,03/12/2016,26
PARK,06/25/2016,19
MISSION,10/15/2016,57
PARK,02/16/2016,31
BAYVIEW,01/09/2016,46
TARAVAL,07/28/2016,34
RICHMOND,01/29/2016,37
INGLESIDE,07/19/2016,39
BAYVIEW,02/06/2016,28
TARAVAL,11/21/2016,27
RICHMOND,08/10/2016,27
CENTRAL,01/28/2016,42
SOUTHERN,11/13/2016,70
TENDERLOIN,01/23/2016,40
TENDERLOIN,11/14/2016,20
TARAVAL,11/26/2016,25
TARAVAL,02/10/2016,27
PARK,02/06/2016,12
TARAVAL,09/29/2016,47
MISSION,12/26/2016,58
NORTHERN,08/26/2016,56
BAYVIEW,02/16/2016,37
RICHMOND,04/25/2016,22
TARAVAL,01/15/2016,32
INGLESIDE,06/05/2016,36
BAYVIEW,06/25/2016,46
PARK,01/09/2016,29
INGLESIDE,03/17/2016,37
CENTRAL,03/13/2016,28
BAYVIEW,08/19/2016,44
INGLESIDE,06/22/2016,31
SOUTHERN,04/05/2016,77
SOUTHERN,12/21/2016,91
MISSION,12/27/2016,63
INGLESIDE,12/20/2016,42
MISSION,10/09/2016,83
TENDERLOIN,05/12/2016,23
NORTHERN,08/31/2016,57
NORTHERN,03/24/2016,53
NORTHERN,09/12/2016,34
TENDERLOIN,01/19/2016,20
PARK,09/13/2016,24
RICHMOND,04/28/2016,20
CENTRAL,05/01/2016,55
INGLESIDE,04/20/2016,41
TARAVAL,07/12/2016,20
PARK,01/05/2016,22
BAYVIEW,05/09/2016,36
RICHMOND,11/02/2016,20
NORTHERN,03/31/2016,57
BAYVIEW,09/13/2016,29
RICHMOND,03/25/2016,19
SOUTHERN,05/08/2016,60
CENTRAL,02/08/2016,59
PARK,05/09/2016,21
TENDERLOIN,05/29/2016,28
BAYVIEW,01/05/2016,46
RICHMOND,04/29/2016,31
INGLESIDE,11/27/2016,29
PARK,08/19/2016,20
RICHMOND,05/20/2016,39
TARAVAL,11/19/2016,30
RICHMOND,06/02/2016,25
INGLESIDE,03/14/2016,32
TARAVAL,05/09/2016,30
NORTHERN,06/12/2016,70
BAYVIEW,07/12/2016,30
NORTHERN,06/09/2016,54
INGLESIDE,11/24/2016,28
PARK,11/19/2016,19
SOUTHERN,05/17/2016,86
SOUTHERN,07/06/2016,79
TARAVAL,08/19/2016,41
TENDERLOIN,07/04/2016,25
INGLESIDE,06/14/2016,32
CENTRAL,01/02/2016,42
BAYVIEW,11/19/2016,58
MISSION,03/21/2016,59
MISSION,02/28/2016,40
NORTHERN,01/07/2016,60
TENDERLOIN,11/07/2016,24
CENTRAL,12/02/2016,46
INGLESIDE,06/23/2016,39
TARAVAL,01/05/2016,34
NORTHERN,01/08/2016,46
MISSION,04/04/2016,69
PARK,07/12/2016,20
TARAVAL,09/13/2016,25
CENTRAL,02/04/2016,36
INGLESIDE,10/13/2016,19
MISSION,05/02/2016,42
CENTRAL,10/14/2016,52
RICHMOND,09/05/2016,17
MISSION,01/16/2016,40
BAYVIEW,11/21/2016,52
NORTHERN,09/22/2016,50
TARAVAL,02/06/2016,31
PARK,09/29/2016,16
NORTHERN,05/04/2016,39
PARK,11/26/2016,21
PARK,02/10/2016,30
MISSION,03/18/2016,67
MISSION,12/25/2016,34
SOUTHERN,03/04/2016,82
RICHMOND,05/31/2016,17
BAYVIEW,07/28/2016,33
SOUTHERN,11/08/2016,71
TENDERLOIN,04/17/2016,16
SOUTHERN,06/08/2016,87
NORTHERN,03/11/2016,55
TARAVAL,01/09/2016,41
SOUTHERN,08/04/2016,84
PARK,01/15/2016,28
BAYVIEW,03/12/2016,37
INGLESIDE,09/01/2016,47
NORTHERN,11/28/2016,48
TENDERLOIN,10/05/2016,19
PARK,07/28/2016,27
RICHMOND,03/03/2016,28
INGLESIDE,06/04/2016,32
CENTRAL,03/27/2016,35
BAYVIEW,01/15/2016,51
PARK,03/12/2016,24
TARAVAL,06/25/2016,29
RICHMOND,12/30/2016,19
TARAVAL,02/16/2016,39
INGLESIDE,12/14/2016,42
PARK,11/21/2016,19
MISSION,01/13/2016,64
BAYVIEW,09/29/2016,28
BAYVIEW,11/26/2016,40
BAYVIEW,02/10/2016,36
SOUTHERN,02/13/2016,77
PARK,09/17/2016,38
SOUTHERN,05/03/2016,66
MISSION,07/24/2016,43
RICHMOND,03/26/2016,32
MISSION,03/29/2016,49
MISSION,02/11/2016,57
BAYVIEW,08/03/2016,26
CENTRAL,02/20/2016,62
PARK,04/07/2016,30
SOUTHERN,11/06/2016,64
CENTRAL,08/11/2016,44
CENTRAL,10/31/2016,49
INGLESIDE,07/11/2016,34
INGLESIDE,02/17/2016,38
TARAVAL,12/17/2016,25
INGLESIDE,08/09/2016,31
INGLESIDE,03/01/2016,33
TENDERLOIN,05/25/2016,42
RICHMOND,04/21/2016,13
PARK,08/03/2016,20
NORTHERN,08/06/2016,56
MISSION,12/05/2016,54
BAYVIEW,04/07/2016,37
TARAVAL,10/24/2016,37
MISSION,08/01/2016,48
BAYVIEW,09/17/2016,33
TENDERLOIN,04/11/2016,24
TARAVAL,06/17/2016,37
INGLESIDE,02/23/2016,40
INGLESIDE,07/31/2016,23
CENTRAL,11/16/2016,49
RICHMOND,04/26/2016,16
RICHMOND,09/10/2016,26
RICHMOND,08/22/2016,16
TENDERLOIN,09/18/2016,29
TENDERLOIN,04/15/2016,28
MISSION,09/07/2016,70
TENDERLOIN,05/19/2016,30
RICHMOND,03/06/2016,14
RICHMOND,02/12/2016,18
INGLESIDE,12/29/2016,38
MISSION,08/08/2016,35
NORTHERN,02/21/2016,74
MISSION,02/01/2016,57
RICHMOND,06/18/2016,25
CENTRAL,08/24/2016,46
NORTHERN,09/14/2016,42
CENTRAL,03/23/2016,44
INGLESIDE,09/30/2016,36
RICHMOND,12/31/2016,19
MISSION,11/03/2016,67
TARAVAL,11/17/2016,31
INGLESIDE,11/05/2016,39
CENTRAL,01/04/2016,42
TENDERLOIN,02/22/2016,22
TARAVAL,08/21/2016,24
TARAVAL,10/10/2016,27
SOUTHERN,12/05/2016,79
TENDERLOIN,10/03/2016,12
RICHMOND,09/01/2016,20
PARK,02/21/2016,32
TENDERLOIN,02/09/2016,35
INGLESIDE,03/03/2016,30
BAYVIEW,09/14/2016,41
TARAVAL,06/27/2016,22
SOUTHERN,08/01/2016,84
RICHMOND,06/04/2016,13
RICHMOND,12/14/2016,26
INGLESIDE,12/30/2016,26
SOUTHERN,07/24/2016,84
BAYVIEW,02/21/2016,35
MISSION,05/03/2016,42
INGLESIDE,05/31/2016,31
PARK,09/14/2016,22
INGLESIDE,09/05/2016,25
MISSION,11/06/2016,66
CENTRAL,03/05/2016,46
SOUTHERN,02/11/2016,78
TENDERLOIN,05/22/2016,22
SOUTHERN,03/29/2016,76
RICHMOND,06/23/2016,18
TENDERLOIN,07/05/2016,23
CENTRAL,05/26/2016,44
NORTHERN,09/17/2016,75
CENTRAL,09/11/2016,30
RICHMOND,10/13/2016,32
TARAVAL,07/01/2016,35
TENDERLOIN,10/22/2016,17
NORTHERN,04/07/2016,44
BAYVIEW,08/06/2016,27
TENDERLOIN,09/21/2016,29
SOUTHERN,11/03/2016,77
PARK,08/06/2016,30
NORTHERN,08/03/2016,67
SOUTHERN,09/07/2016,85
TARAVAL,04/10/2016,26
RICHMOND,06/14/2016,18
RICHMOND,03/14/2016,25
SOUTHERN,02/01/2016,106
SOUTHERN,08/08/2016,64
RICHMOND,11/24/2016,14
NORTHERN,02/10/2016,51
NORTHERN,11/26/2016,72
SOUTHERN,02/28/2016,69
PARK,05/04/2016,17
RICHMOND,11/05/2016,17
NORTHERN,09/29/2016,36
PARK,09/22/2016,22
SOUTHERN,03/21/2016,80
CENTRAL,06/01/2016,55
TARAVAL,08/26/2016,29
INGLESIDE,06/18/2016,30
NORTHERN,01/15/2016,55
SOUTHERN,05/02/2016,58
PARK,03/11/2016,21
SOUTHERN,04/04/2016,87
RICHMOND,09/30/2016,48
INGLESIDE,12/31/2016,29
BAYVIEW,11/28/2016,37
RICHMOND,12/29/2016,13
NORTHERN,03/12/2016,61
CENTRAL,07/14/2016,52
TENDERLOIN,12/12/2016,37
BAYVIEW,03/11/2016,30
NORTHERN,07/28/2016,47
PARK,11/28/2016,15
CENTRAL,04/09/2016,48
INGLESIDE,08/22/2016,30
MISSION,07/06/2016,48
BAYVIEW,09/22/2016,44
BAYVIEW,05/04/2016,26
MISSION,05/17/2016,70
NORTHERN,11/21/2016,60
INGLESIDE,02/12/2016,39
INGLESIDE,03/06/2016,44
PARK,06/09/2016,17
BAYVIEW,01/08/2016,47
TENDERLOIN,09/27/2016,16
PARK,06/12/2016,25
RICHMOND,02/23/2016,17
INGLESIDE,09/10/2016,25
INGLESIDE,04/26/2016,25
RICHMOND,07/31/2016,25
CENTRAL,10/18/2016,47
RICHMOND,02/17/2016,29
BAYVIEW,01/07/2016,43
TENDERLOIN,11/30/2016,15
MISSION,02/13/2016,35
RICHMOND,07/11/2016,22
INGLESIDE,04/21/2016,23
SOUTHERN,01/13/2016,86
RICHMOND,03/01/2016,35
RICHMOND,08/09/2016,19
CENTRAL,11/22/2016,43
NORTHERN,11/19/2016,63
PARK,01/07/2016,35
SOUTHERN,03/18/2016,69
TARAVAL,03/24/2016,29
SOUTHERN,01/16/2016,79
TARAVAL,08/31/2016,25
TARAVAL,09/12/2016,33
BAYVIEW,06/09/2016,29
NORTHERN,07/12/2016,64
BAYVIEW,06/12/2016,35
MISSION,06/08/2016,54
MISSION,08/04/2016,48
PARK,01/08/2016,28
MISSION,11/08/2016,68
SOUTHERN,12/25/2016,32
MISSION,03/04/2016,53
INGLESIDE,03/26/2016,23
TARAVAL,03/31/2016,25
BAYVIEW,08/11/2016,30
BAYVIEW,02/20/2016,33
BAYVIEW,10/31/2016,34
TENDERLOIN,12/21/2016,37
TENDERLOIN,04/05/2016,30
RICHMOND,05/15/2016,28
CENTRAL,08/03/2016,52
SOUTHERN,05/12/2016,94
MISSION,02/19/2016,49
SOUTHERN,01/19/2016,79
PARK,11/16/2016,26
MISSION,06/29/2016,48
MISSION,12/15/2016,60
BAYVIEW,11/16/2016,42
TENDERLOIN,05/08/2016,26
TARAVAL,12/08/2016,39
SOUTHERN,05/29/2016,78
NORTHERN,05/26/2016,58
CENTRAL,09/17/2016,44
NORTHERN,09/11/2016,59
PARK,10/31/2016,20
PARK,08/11/2016,17
TARAVAL,09/03/2016,29
PARK,02/20/2016,23
CENTRAL,04/07/2016,60
TARAVAL,11/18/2016,41
MISSION,07/25/2016,49
RICHMOND,06/13/2016,27
PARK,03/23/2016,35
PARK,08/24/2016,21
MISSION,07/20/2016,45
PARK,01/04/2016,25
NORTHERN,03/05/2016,51
RICHMOND,11/11/2016,30
TARAVAL,04/23/2016,34
SOUTHERN,11/14/2016,77
SOUTHERN,01/23/2016,71
TENDERLOIN,11/13/2016,19
MISSION,01/22/2016,49
BAYVIEW,01/04/2016,39
TARAVAL,06/07/2016,23
RICHMOND,02/18/2016,30
INGLESIDE,07/26/2016,20
BAYVIEW,03/23/2016,38
TARAVAL,10/07/2016,37
BAYVIEW,08/24/2016,40
RICHMOND,06/15/2016,24
TENDERLOIN,12/19/2016,24
TARAVAL,03/13/2016,22
RICHMOND,12/24/2016,27
PARK,01/02/2016,10
TENDERLOIN,08/17/2016,29
PARK,02/04/2016,28
CENTRAL,07/12/2016,59
TARAVAL,05/01/2016,32
RICHMOND,03/28/2016,28
PARK,12/02/2016,16
MISSION,06/26/2016,79
TENDERLOIN,07/18/2016,26
BAYVIEW,02/04/2016,54
TENDERLOIN,10/01/2016,32
INGLESIDE,10/23/2016,20
TARAVAL,02/08/2016,32
BAYVIEW,12/02/2016,38
NORTHERN,10/18/2016,63
TENDERLOIN,02/25/2016,20
BAYVIEW,01/02/2016,34
NORTHERN,11/22/2016,44
CENTRAL,11/19/2016,44
TENDERLOIN,03/16/2016,35
CENTRAL,03/12/2016,45
SOUTHERN,02/15/2016,77
NORTHERN,07/14/2016,53
PARK,03/27/2016,24
RICHMOND,08/30/2016,25
CENTRAL,07/28/2016,44
TENDERLOIN,11/04/2016,29
MISSION,01/21/2016,56
MISSION,05/30/2016,57
NORTHERN,04/09/2016,65
TENDERLOIN,05/21/2016,27
SOUTHERN,12/16/2016,103
MISSION,12/23/2016,61
SOUTHERN,03/07/2016,80
INGLESIDE,10/11/2016,36
CENTRAL,11/21/2016,44
BAYVIEW,10/14/2016,40
TARAVAL,01/28/2016,29
MISSION,07/03/2016,50
CENTRAL,02/10/2016,52
CENTRAL,11/26/2016,65
CENTRAL,09/29/2016,37
MISSION,12/10/2016,70
NORTHERN,06/01/2016,74
PARK,10/14/2016,28
MISSION,01/12/2016,39
TENDERLOIN,07/22/2016,19
CENTRAL,01/15/2016,61
BAYVIEW,03/27/2016,49
TENDERLOIN,02/26/2016,19
RICHMOND,02/24/2016,27
PARK,04/09/2016,21
RICHMOND,07/26/2016,21
CENTRAL,11/28/2016,43
NORTHERN,03/27/2016,32
PARK,07/14/2016,22
INGLESIDE,06/15/2016,22
BAYVIEW,06/01/2016,38
TENDERLOIN,04/12/2016,28
INGLESIDE,02/18/2016,42
NORTHERN,10/14/2016,64
PARK,06/01/2016,32
INGLESIDE,11/11/2016,28
CENTRAL,09/22/2016,40
TENDERLOIN,06/24/2016,29
CENTRAL,05/04/2016,40
BAYVIEW,04/09/2016,29
SOUTHERN,06/26/2016,144
INGLESIDE,06/13/2016,32
TENDERLOIN,05/05/2016,34
BAYVIEW,07/14/2016,45
CENTRAL,03/11/2016,48
NORTHERN,01/02/2016,57
BAYVIEW,11/22/2016,35
SOUTHERN,12/10/2016,86
CENTRAL,01/07/2016,50
BAYVIEW,10/18/2016,27
NORTHERN,12/02/2016,74
CENTRAL,01/08/2016,56
TENDERLOIN,07/16/2016,34
SOUTHERN,01/12/2016,67
NORTHERN,02/04/2016,55
TARAVAL,12/03/2016,24
SOUTHERN,01/21/2016,69
SOUTHERN,05/30/2016,84
CENTRAL,06/12/2016,47
CENTRAL,06/09/2016,34
MISSION,02/15/2016,58
PARK,11/22/2016,29
SOUTHERN,07/03/2016,75
TENDERLOIN,07/17/2016,18
INGLESIDE,05/15/2016,24
TARAVAL,03/19/2016,26
SOUTHERN,12/23/2016,72
MISSION,03/07/2016,39
PARK,10/18/2016,13
MISSION,12/16/2016,75
MISSION,05/29/2016,51
NORTHERN,08/24/2016,57
CENTRAL,09/14/2016,40
NORTHERN,03/23/2016,59
SOUTHERN,12/15/2016,81
INGLESIDE,02/24/2016,51
TARAVAL,12/01/2016,36
TARAVAL,12/22/2016,34
TARAVAL,12/18/2016,21
TARAVAL,10/27/2016,23
PARK,03/05/2016,17
NORTHERN,01/04/2016,38
MISSION,01/19/2016,48
MISSION,05/12/2016,47
SOUTHERN,02/19/2016,86
TENDERLOIN,10/09/2016,28
TENDERLOIN,12/27/2016,19
BAYVIEW,03/05/2016,46
RICHMOND,10/11/2016,21
TARAVAL,07/21/2016,29
TARAVAL,04/01/2016,35
TARAVAL,08/13/2016,29
TARAVAL,10/30/2016,28
INGLESIDE,08/30/2016,32
SOUTHERN,06/29/2016,62
CENTRAL,02/21/2016,41
TARAVAL,05/27/2016,29
SOUTHERN,01/22/2016,91
TENDERLOIN,12/26/2016,32
CENTRAL,08/06/2016,54
TARAVAL,02/27/2016,22
MISSION,11/14/2016,49
MISSION,01/23/2016,44
BAYVIEW,09/11/2016,28
BAYVIEW,05/26/2016,55
TARAVAL,07/09/2016,33
RICHMOND,10/23/2016,21
NORTHERN,11/16/2016,53
SOUTHERN,07/20/2016,70
PARK,09/11/2016,19
TARAVAL,04/13/2016,31
PARK,05/26/2016,29
SOUTHERN,07/25/2016,81
INGLESIDE,03/28/2016,27
TENDERLOIN,10/15/2016,27
INGLESIDE,12/24/2016,25
NORTHERN,02/20/2016,65
NORTHERN,08/11/2016,75
NORTHERN,10/31/2016,84
RICHMOND,07/29/2016,23
BAYVIEW,07/09/2016,36
NORTHERN,12/08/2016,56
SOUTHERN,09/27/2016,74
TARAVAL,09/11/2016,16
PARK,04/13/2016,44
TARAVAL,05/26/2016,33
MISSION,10/05/2016,65
RICHMOND,07/23/2016,20
INGLESIDE,04/02/2016,33
SOUTHERN,11/30/2016,65
NORTHERN,09/03/2016,46
BAYVIEW,02/27/2016,35
CENTRAL,07/01/2016,64
NORTHERN,11/18/2016,49
TENDERLOIN,01/13/2016,38
BAYVIEW,05/27/2016,37
TENDERLOIN,03/18/2016,32
PARK,02/27/2016,23
RICHMOND,03/15/2016,20
CENTRAL,04/10/2016,31
PARK,05/27/2016,26
TENDERLOIN,01/16/2016,21
INGLESIDE,07/30/2016,27
RICHMOND,09/26/2016,36
PARK,07/09/2016,22
MISSION,04/17/2016,45
BAYVIEW,04/13/2016,32
TENDERLOIN,12/25/2016,12
TENDERLOIN,02/28/2016,27
PARK,04/01/2016,26
CENTRAL,10/10/2016,44
INGLESIDE,09/15/2016,41
PARK,07/21/2016,17
TENDERLOIN,03/21/2016,18
NORTHERN,06/07/2016,55
BAYVIEW,10/27/2016,41
BAYVIEW,12/18/2016,25
BAYVIEW,12/01/2016,29
BAYVIEW,12/22/2016,51
TENDERLOIN,05/02/2016,32
NORTHERN,10/07/2016,61
TENDERLOIN,04/04/2016,39
CENTRAL,06/27/2016,46
RICHMOND,08/15/2016,25
PARK,08/13/2016,17
PARK,10/30/2016,14
MISSION,11/07/2016,49
PARK,12/01/2016,20
PARK,12/22/2016,19
SOUTHERN,12/12/2016,70
BAYVIEW,08/13/2016,42
BAYVIEW,10/30/2016,40
BAYVIEW,04/01/2016,40
RICHMOND,05/23/2016,24
MISSION,07/04/2016,35
BAYVIEW,07/21/2016,48
INGLESIDE,12/06/2016,44
TARAVAL,03/05/2016,26
NORTHERN,04/23/2016,58
PARK,10/27/2016,18
PARK,12/18/2016,22
BAYVIEW,12/03/2016,40
SOUTHERN,07/05/2016,65
NORTHERN,02/08/2016,45
RICHMOND,12/09/2016,20
RICHMOND,05/13/2016,22
TARAVAL,10/18/2016,23
SOUTHERN,10/22/2016,70
MISSION,02/22/2016,45
RICHMOND,01/31/2016,20
SOUTHERN,09/21/2016,83
PARK,03/19/2016,17
TARAVAL,11/22/2016,41
TENDERLOIN,11/03/2016,20
NORTHERN,03/13/2016,59
MISSION,05/19/2016,62
BAYVIEW,03/19/2016,50
RICHMOND,09/20/2016,22
CENTRAL,08/31/2016,45
TENDERLOIN,09/07/2016,15
CENTRAL,03/24/2016,33
MISSION,04/15/2016,48
MISSION,09/18/2016,63
CENTRAL,09/12/2016,35
RICHMOND,11/20/2016,26
TENDERLOIN,02/01/2016,28
PARK,12/03/2016,22
NORTHERN,05/01/2016,78
RICHMOND,10/16/2016,34
TENDERLOIN,08/08/2016,27
CENTRAL,03/31/2016,50
TENDERLOIN,12/05/2016,21
SOUTHERN,10/03/2016,73
MISSION,05/25/2016,62
CENTRAL,08/26/2016,69
TARAVAL,06/01/2016,36
RICHMOND,08/20/2016,13
MISSION,04/11/2016,39
SOUTHERN,02/09/2016,79
TENDERLOIN,08/01/2016,35
INGLESIDE,01/20/2016,59
TENDERLOIN,07/24/2016,18
RICHMOND,09/09/2016,16
TARAVAL,07/14/2016,23
RICHMOND,04/03/2016,21
TARAVAL,04/09/2016,37
INGLESIDE,08/16/2016,31
SOUTHERN,05/22/2016,65
TENDERLOIN,02/11/2016,29
TENDERLOIN,03/29/2016,32
NORTHERN,01/28/2016,42
INGLESIDE,05/23/2016,34
SOUTHERN,04/15/2016,81
SOUTHERN,09/18/2016,89
BAYVIEW,01/28/2016,40
TARAVAL,10/14/2016,27
RICHMOND,12/06/2016,31
SOUTHERN,05/19/2016,94
CENTRAL,02/06/2016,60
CENTRAL,01/09/2016,50
TARAVAL,03/27/2016,30
INGLESIDE,08/15/2016,29
MISSION,07/05/2016,39
CENTRAL,02/16/2016,41
CENTRAL,06/25/2016,70
PARK,01/28/2016,28
RICHMOND,09/15/2016,28
MISSION,09/21/2016,44
MISSION,10/22/2016,71
SOUTHERN,02/22/2016,74
INGLESIDE,09/26/2016,33
CENTRAL,05/09/2016,24
PARK,02/08/2016,25
BAYVIEW,05/01/2016,47
TENDERLOIN,05/03/2016,35
INGLESIDE,03/15/2016,27
MISSION,05/22/2016,61
NORTHERN,03/19/2016,48
CENTRAL,08/19/2016,45
BAYVIEW,03/13/2016,33
RICHMOND,07/30/2016,28
TENDERLOIN,11/06/2016,24
TARAVAL,01/02/2016,29
MISSION,10/03/2016,77
SOUTHERN,05/25/2016,55
PARK,03/13/2016,16
INGLESIDE,07/29/2016,35
TARAVAL,12/02/2016,38
BAYVIEW,02/08/2016,54
CENTRAL,01/05/2016,44
SOUTHERN,04/11/2016,82
MISSION,02/09/2016,35
PARK,05/01/2016,19
NORTHERN,12/03/2016,51
RICHMOND,04/02/2016,28
TARAVAL,02/04/2016,75
CENTRAL,09/13/2016,55
INGLESIDE,07/23/2016,14
RICHMOND,08/16/2016,19
BAYVIEW,04/23/2016,28
PARK,06/07/2016,32
NORTHERN,07/21/2016,46
NORTHERN,04/01/2016,70
NORTHERN,08/13/2016,56
NORTHERN,10/30/2016,61
TENDERLOIN,03/04/2016,24
SOUTHERN,04/17/2016,82
TENDERLOIN,11/08/2016,27
INGLESIDE,09/09/2016,40
TENDERLOIN,08/04/2016,26
TENDERLOIN,06/08/2016,30
PARK,10/07/2016,31
INGLESIDE,04/03/2016,33
INGLESIDE,08/20/2016,20
SOUTHERN,10/05/2016,84
TARAVAL,08/24/2016,49
BAYVIEW,10/07/2016,38
MISSION,09/27/2016,71
TARAVAL,03/23/2016,23
RICHMOND,01/20/2016,28
NORTHERN,12/01/2016,115
NORTHERN,12/22/2016,61
NORTHERN,12/18/2016,53
CENTRAL,11/17/2016,51
PARK,04/23/2016,29
NORTHERN,10/27/2016,56
BAYVIEW,06/07/2016,50
TARAVAL,01/04/2016,25
TENDERLOIN,02/13/2016,29
MISSION,11/30/2016,51
CENTRAL,08/21/2016,57
INGLESIDE,11/20/2016,25
INGLESIDE,10/16/2016,22
NORTHERN,04/13/2016,55
MISSION,12/12/2016,65
PARK,12/08/2016,15
TENDERLOIN,05/17/2016,29
INGLESIDE,09/20/2016,30
TENDERLOIN,07/06/2016,28
PARK,11/18/2016,27
TARAVAL,10/31/2016,34
PARK,09/03/2016,18
TARAVAL,02/20/2016,32
TARAVAL,08/11/2016,26
SOUTHERN,07/04/2016,47
CENTRAL,12/17/2016,50
NORTHERN,05/27/2016,72
INGLESIDE,01/31/2016,31
BAYVIEW,11/18/2016,45
BAYVIEW,09/03/2016,35
NORTHERN,02/27/2016,48
SOUTHERN,11/07/2016,54
CENTRAL,10/24/2016,55
BAYVIEW,12/08/2016,45
CENTRAL,06/17/2016,49
INGLESIDE,05/13/2016,26
NORTHERN,07/09/2016,44
INGLESIDE,12/09/2016,29
TARAVAL,11/16/2016,44
